date,C_NA,C_SA,C_SO,C_PO,C_IO
1987-07-01,14.130411183859593,15.789636943404187,14.00294294138273,18.339994333508912,16.710115875596063
1987-08-01,14.131260478363307,15.788888959791514,14.00901657641932,18.33998262844724,16.71035533439475
1987-09-01,14.132081657265461,15.788168560889979,14.014881778642387,18.339971309387025,16.710587042867385
1987-10-01,14.13292946791463,15.78742771109605,14.020929590650532,18.339959621768624,16.710826448131495
1987-11-01,14.13377653989278,15.786690414618654,14.026964533681621,18.339947942981652,16.711065826535993
1987-12-01,14.134595574215572,15.785980331970592,14.03279237475054,18.339936649508957,16.71129745699473
1988-01-01,14.135441175357487,15.785250115171456,14.038801665565144,18.33992498853337,16.71153678136172
1988-02-01,14.136258805760663,15.784546792439816,14.044605005024593,18.339913712186352,16.711768360135345
1988-03-01,14.13707572956095,15.783846873904551,14.050395998282738,18.339902444589296,16.711999913084178
1988-04-01,14.137919171805773,15.783127057442455,14.05636757143948,18.33989081028162,16.712239158392748
1988-05-01,14.13873470304616,15.782433849119606,14.062134221599788,18.339879559862666,16.712470660354263
1988-06-01,14.139549547938799,15.781743947654567,14.06788887407578,18.339868317771867,16.712702137181388
1988-07-01,14.140390831237294,15.781034533969608,14.07382270308733,18.339856709731695,16.712941303369732
1988-08-01,14.141231393451628,15.78032859613274,14.079743915226706,18.339845110506914,16.713180442858775
1988-09-01,14.142044144746386,15.779648785945774,14.085461937538906,18.339833894041504,16.713411842240568
1988-10-01,14.142856217165534,15.77897225006654,14.091168067643821,18.33982268598511,16.713643216330354
1988-11-01,14.1436676127936,15.778298980278615,14.0968623310703,18.33981148636018,16.713874565153077
1988-12-01,14.14450534222615,15.777606709381589,14.102733896067557,18.339799922341413,16.714113598906664
1989-01-01,14.145342360984886,15.776917871205901,14.108592982461353,18.33978836720207,16.71435260578316
1989-02-01,14.146124729835206,15.776276608083155,14.114062668480349,18.3397775656895,16.714576168212915
1989-03-01,14.146933407681418,15.775616466267195,14.1197092011851,18.339766400208536,16.714807414433974
1989-04-01,14.147768351909361,15.774937653008852,14.125531821868808,18.339754871392174,16.715046342878342
1989-05-01,14.148575681983914,15.774284026686722,14.131154642912147,18.339743723152328,16.71527753832874
1989-06-01,14.149382347856873,15.773633611146145,14.136765777514933,18.33973258329181,16.715508708725196
1989-07-01,14.15021520296918,15.772964898228745,14.142551632959387,18.33972108094301,16.715747558307612
1989-08-01,14.151047360429327,15.772299560049285,14.14832519855588,18.339709587437714,16.715986381386166
1989-09-01,14.15185200067754,15.77165894228598,14.15390065281542,18.33969847327997,16.71621747481457
1989-10-01,14.15268276837722,15.771000328581405,14.159649720308094,18.339686997554917,16.7164562447464
1989-11-01,14.153512844235621,15.770345064502706,14.165386580150658,18.339675530699967,16.716694987968097
1989-12-01,14.154315475813501,15.76971417141556,14.170926592259498,18.33966444237454,16.716926003848627
1990-01-01,14.15514417387148,15.769065581300943,14.176639118060644,18.339652993366848,16.717164693433613
1990-02-01,14.155945490316778,15.768441060897583,14.182155888339915,18.339641922097034,16.717395657972705
1990-03-01,14.156719470179159,15.767840392944082,14.187477692278552,18.33963122800727,16.717618899227517
1990-04-01,14.157519507385887,15.76722207488998,14.192971829096807,18.33962017340086,16.717849813844886
1990-05-01,14.158318900059653,15.7666068817713,14.198454558189699,18.339609127240962,16.71808070337638
1990-06-01,14.159117649779686,15.765994806339876,14.203925904564255,18.339598089417695,16.718311567922704
1990-07-01,14.159942347251006,15.765365613510024,14.209567632286863,18.33958669241506,16.718550101608496
1990-08-01,14.160766369422474,15.764739697604343,14.215197389614133,18.339575304162285,16.71878860893695
1990-09-01,14.16156315852742,15.76413713585988,14.220633983169,18.339564291763192,16.719019396928466
1990-10-01,14.162385835745924,15.7635177490172,14.22623987904125,18.339552921188744,16.71925785129749
1990-11-01,14.163207843483328,15.762901614215775,14.23183388401722,18.339541559527735,16.71949627903311
1990-12-01,14.164002688808347,15.762308494063994,14.237235955587359,18.339530572969107,16.719726989744974
1991-01-01,14.164823363247288,15.761698839022895,14.242806258625519,18.339519229101523,16.719965364053785
1991-02-01,14.165616935845184,15.761111906067542,14.248185691929036,18.339508259606053,16.720196023573028
1991-03-01,14.166383450233827,15.760547484196419,14.253375023786035,18.339497663933262,16.720418970153595
1991-04-01,14.16717578498482,15.759966572761908,14.25873241037014,18.339486711199452,16.720649580020794
1991-05-01,14.167993872164974,15.75936950208762,14.264256640002001,18.339475402332912,16.7208878503876
1991-06-01,14.168811302171772,15.758775628453067,14.269769159544548,18.339464102283653,16.721126094341194
1991-07-01,14.169601729090827,15.758203998526826,14.275092548658408,18.33945317522113,16.721356627493567
1991-08-01,14.170417850001105,15.757616495513586,14.280581726198132,18.33944189267265,16.72159481871082
1991-09-01,14.17123331938122,15.757032165714453,14.286059272240774,18.339430618836992,16.721832983458516
1991-10-01,14.172021854562974,15.75646974837926,14.291348891845647,18.33941971715164,16.72206343976468
1991-11-01,14.17280977643212,15.7559103198837,14.296627547786906,18.339408823864986,16.722293870910168
1991-12-01,14.173623316514963,15.755335392742479,14.302070603313425,18.339397576393644,16.722531956500145
1992-01-01,14.174436212579687,15.75476360673908,14.307502128788519,18.339386337836753,16.7227700154998
1992-02-01,14.175222264625853,15.754213297675394,14.312747309896967,18.339375470488488,16.723000369465236
1992-03-01,14.1760077103306,15.753665947447773,14.317981622604206,18.339364611673822,16.7232306983549
1992-04-01,14.176792551221274,15.75312154898886,14.323205090222828,18.339353761372745,16.72346100226586
1992-05-01,14.17757678861558,15.752580095446632,14.328417736312085,18.339342919559805,16.723691281216148
1992-06-01,14.178360423956567,15.752041580006454,14.333619584941367,18.339332086123978,16.723921535213815
1992-07-01,14.179169546292233,15.751488209962638,14.338983448863331,18.339320900345278,16.724159437963376
1992-08-01,14.179978036369592,15.750937927969382,14.344335958187832,18.339309723331912,16.72439731433843
1992-09-01,14.180759836030214,15.750408377967265,14.349504841913493,18.339298915337146,16.724627491758753
1992-10-01,14.181567067109075,15.749864248640476,14.354834717515239,18.33928775589767,16.72486531532608
1992-11-01,14.182373671462047,15.749323183792185,14.36015331367148,18.339276605350246,16.725103112388187
1992-12-01,14.183153651599993,15.748802530683752,14.365289450501827,18.3392658231587,16.725333212886934
1993-01-01,14.18393304183474,15.748284763984186,14.370414955883975,18.33925504948564,16.725563288182087
1993-02-01,14.184685896177758,15.747786977944305,14.375359583392886,18.33924464298554,16.72578567058187
1993-03-01,14.18546412417038,15.747274899422719,14.380464128219344,18.339233886159313,16.726015696459424
1993-04-01,14.1862676883744,15.746748712550614,14.385727907845721,18.339222779621444,16.726253364196825
1993-05-01,14.187044734295606,15.746242421659542,14.39081111236412,18.339212040097287,16.7264833398218
1993-06-01,14.187821197708013,15.745738982824241,14.395883799599007,18.339201308978527,16.726713290551253
1993-07-01,14.188622929715812,15.745221767884933,14.40111449213748,18.339190228942194,16.726950879992533
1993-08-01,14.189424050021406,15.744707550528199,14.406334124573712,18.339179157695913,16.727188443181248
1993-09-01,14.19019873755326,15.744212814241372,14.411374701701186,18.339168452149096,16.727418317638595
1993-10-01,14.190998639969006,15.743704568820231,14.416572286802857,18.339157398657495,16.727655828225025
1993-11-01,14.191797935962814,15.743199298034396,14.421758885089801,18.339146354115705,16.727893312348176
1993-12-01,14.192570863006926,15.74271319777382,14.426767564962446,18.339135674515536,16.728123110032293
1994-01-01,14.193368951407557,15.742213853740587,14.431932263196225,18.33912464786262,16.728360541101175
1994-02-01,14.194140725927964,15.741733412346964,14.436920025653194,18.33911398542328,16.72859028798195
1994-03-01,14.194886226069533,15.741271680473908,14.441731561753274,18.33910368670225,16.72881235251241
1994-04-01,14.19565687979332,15.74079674579898,14.446698951776954,18.339093041296447,16.72904205017682
1994-05-01,14.196452625585788,15.740308910566558,14.451821076531239,18.33908205004244,16.729279378253263
1994-06-01,14.197247776384893,15.739823999105006,14.4569323808948,18.339071067655112,16.7295166801721
1994-07-01,14.19801670297508,15.739357552466668,14.461868356719647,18.339060448037458,16.729746301866335
1994-08-01,14.198810668783988,15.738878466858127,14.466958093327769,18.339049483195595,16.729983551454346
1994-09-01,14.199604044561779,15.7384022832518,14.47203708212328,18.339038527112397,16.730220774848366
1994-10-01,14.200371258139599,15.73794426169764,14.476941854464174,18.339027932982074,16.7304503204348
1994-11-01,14.20113791633954,15.737488973226636,14.48183649624874,18.33901734737131,16.730679840983267
1994-12-01,14.201929545061562,15.737021387999425,14.486883615834987,18.33900641788095,16.730916985739125
1995-01-01,14.202720590825546,15.736556674974072,14.491920082199954,18.338995497347955,16.731154104011306
1995-02-01,14.203460069487699,15.736124565124566,14.496621886410935,18.338985289664492,16.73137590011017
1995-03-01,14.204224498614645,15.735680260234524,14.501475778409606,18.338974738645828,16.73160531949393
1995-04-01,14.20501384301992,15.735223933882082,14.506481110313507,18.338963844907926,16.731842360654493
1995-05-01,14.205777166508154,15.734785079902453,14.511314757595693,18.338953311395343,16.73207173001996
1995-06-01,14.206539945075722,15.734348912198556,14.516138428196953,18.338942786336,16.732301074525814
1995-07-01,14.207327575408781,15.733901036231176,14.521112372941051,18.338931919321563,16.73253803758095
1995-08-01,14.208114633084119,15.733455983764213,14.526075825466886,18.338921061257185,16.732774974392296
1995-09-01,14.20887574912318,15.733028013518325,14.530869035395828,18.338910562075572,16.733004242716568
1995-10-01,14.209636326204,15.73260270277312,14.535652356117227,18.338900071359188,16.733233486207588
1995-11-01,14.210396366089654,15.732180044532438,14.540425808969895,18.338889589187836,16.73346270477435
1995-12-01,14.211181175047088,15.731746092197344,14.545347976374993,18.338878766652645,16.733699537651862
1996-01-01,14.211965420100398,15.731314927209826,14.55025976594504,18.338867953189418,16.73393634423981
1996-02-01,14.212723822684046,15.73090036149304,14.555003089615733,18.33885749733669,16.734165486468157
1996-03-01,14.213481694307962,15.730488421341834,14.559736630730567,18.338847050150992,16.73439460394022
1996-04-01,14.214239036520807,15.73007910011202,14.564460409977832,18.33883661167631,16.73462369673613
1996-05-01,14.215021065572056,15.729658894753394,14.569331360333926,18.33882583431904,16.73486039995986
1996-06-01,14.215802537873653,15.729241443019845,14.574192046109633,18.338815065899478,16.735097077108115
1996-07-01,14.216558263955411,15.72884011584768,14.578886024693835,18.33880465342545,16.73532609418706
1996-08-01,14.217313465819066,15.72844138266254,14.583570329132474,18.33879424933508,16.735555086534983
1996-09-01,14.218068144990774,15.728045236966228,14.588244980612801,18.33878385362585,16.735784054116863
1996-10-01,14.218847429647557,15.727638612495827,14.593065279792532,18.338773120304626,16.736020627743024
1996-11-01,14.219626165625646,15.727234706850352,14.597875427159378,18.338762395964558,16.736257175127168
1996-12-01,14.220379251780079,15.726846454792067,14.602520606076201,18.338752026234655,16.736486066537406
1997-01-01,14.221156895362874,15.726447965875495,14.60731051759422,18.338741319850225,16.736722561377082
1997-02-01,14.221908938619436,15.726064885872002,14.611936367913437,18.338730967399265,16.73695140253229
1997-03-01,14.222635417236393,15.725697038506393,14.616398812955932,18.33872096827516,16.73717259186088
1997-04-01,14.223386445898127,15.725318992245722,14.621005839220187,18.338710632718644,16.737401384381666
1997-05-01,14.224161969015388,15.724931023114799,14.625756412724387,18.338699961637747,16.737637777256857
1997-06-01,14.224936953671321,15.724545726204072,14.630496988392574,18.33868929946294,16.737874144099543
1997-07-01,14.225686419136387,15.724175437908713,14.635074988612866,18.33867898977791,16.738102861025542
1997-08-01,14.226460331329676,15.72379546576885,14.639795636513313,18.338668345131154,16.738339175846463
1997-09-01,14.227233709621538,15.72341814580934,14.644506353687188,18.338657709255987,16.73857546465906
1997-10-01,14.227981625134953,15.723055557117734,14.64905552234144,18.33864742513759,16.73880410601536
1997-11-01,14.228729038319234,15.722695465793969,14.653595330000279,18.33863714958406,16.73903272261327
1997-12-01,14.2295008362939,15.722326002608842,14.65827659868238,18.33862654055409,16.739268933545087
1998-01-01,14.230272106873247,15.721959164073294,14.662948023802866,18.33861594047228,16.739505118255714
1998-02-01,14.230993136657256,15.7216183886873,14.667309078176112,18.338606032433955,16.73972604119627
1998-03-01,14.23173853292133,15.721268334808924,14.671811235127038,18.338595791282437,16.739954557316164
1998-04-01,14.232508263900128,15.720909160853454,14.676453895903254,18.33858521767742,16.7401906650575
1998-05-01,14.233252659499481,15.720564088473989,14.68093734948434,18.33857499388551,16.740419131040966
1998-06-01,14.233996561906508,15.720221471000286,14.685411585328072,18.33856477848713,16.740647572251568
1998-07-01,14.2347399724653,15.71988130235986,14.689876622886041,18.338554571479136,16.74087598879616
1998-08-01,14.235507645311863,15.719532374808159,14.694480800056294,18.338544033148793,16.741111993164626
1998-09-01,14.236274801590895,15.719186020649648,14.69907530350082,18.33853350376444,16.741347971478433
1998-10-01,14.237016712565278,15.718853323079466,14.703512256260993,18.338523322711353,16.741576312338818
1998-11-01,14.237758137672813,15.718523048901385,14.707940091155953,18.33851315018723,16.741804628488627
1998-12-01,14.238523765280807,15.71818431877945,14.71250591036688,18.338502647611435,16.742040529104212
1999-01-01,14.239288882760906,15.717848135296332,14.717062140637994,18.33849215406806,16.742276403629894
1999-02-01,14.2400041723732,15.717535965659117,14.721315663538142,18.338482345844433,16.74249703667674
1999-03-01,14.240743647045123,15.717215430035763,14.725706819651187,18.338472208095194,16.742725253275978
1999-04-01,14.24150727604246,15.716886682304088,14.730235026252073,18.338461741389665,16.74296105187551
1999-05-01,14.24224578347106,15.716570979452113,14.734607960673861,18.33845162111921,16.743189219179033
1999-06-01,14.242983814262754,15.716257657956572,14.738971914601166,18.338441509380512,16.743417362073092
1999-07-01,14.24374594383978,15.715936401842656,14.74347186920575,18.3384310694865,16.743653083910605
1999-08-01,14.244507572493067,15.715617648957855,14.747962380421887,18.338420638468584,16.743888779905088
1999-09-01,14.245244149117719,15.71531159457181,14.752298917746089,18.338410552594684,16.744116847725067
1999-10-01,14.246004780450194,15.714997828236363,14.75677060476633,18.33840013956061,16.74435249178503
1999-11-01,14.246764915572975,15.714686545156454,14.761232910944814,18.33838973559106,16.744588109813648
1999-12-01,14.247500051503748,15.714387700452967,14.765542213724494,18.338379675971165,16.744816102081483
2000-01-01,14.248259198765343,15.714081364689324,14.769985821001805,18.338369290081726,16.745051668008575
2000-02-01,14.248993391876715,15.713787243440379,14.774277263394987,18.33835924786818,16.745279610385612
2000-03-01,14.249727110452282,15.713495500683232,14.778559705880994,18.338349214528016,16.745507527743808
2000-04-01,14.25046037631597,15.713206027379835,14.78283355784467,18.338339189693336,16.74573542128055
2000-05-01,14.25119316996037,15.712918921233138,14.787098448907438,18.338329173634488,16.745963289920827
2000-06-01,14.251949913807413,15.712624632140532,14.791496465482908,18.338318832462985,16.746198728970207
2000-07-01,14.252681776878381,15.712342191773427,14.795743689832573,18.338308833530565,16.7464265482331
2000-08-01,14.253437551415368,15.7120527646487,14.80012329134008,18.338298510171587,16.74666193564742
2000-09-01,14.254192843214627,15.711765759357174,14.80449371619114,18.338288195708273,16.74689729718436
2000-10-01,14.254923305072607,15.711490349730173,14.808714298331667,18.338278222651475,16.747125041343146
2000-11-01,14.255653312908827,15.711217220508143,14.81292623086424,18.338268258152045,16.747352760927747
2000-12-01,14.256407176369406,15.710937389385439,14.817269445004355,18.338257970532847,16.747588045177938
2001-01-01,14.257160563246186,15.710659954557515,14.821603563406759,18.338247691936182,16.747823303354078
2001-02-01,14.257864909527727,15.710402606248609,14.825649754857778,18.33823808477049,16.748043359766505
2001-03-01,14.258568831642153,15.710147391499886,14.82968784091822,18.338228485743468,16.748263393130696
2001-04-01,14.259296589266373,15.709885577912301,14.833856803702092,18.338218564196882,16.748490990060386
2001-05-01,14.260048133691889,15.709617410235042,14.838155712659843,18.33820832097711,16.748726147833626
2001-06-01,14.260799207463442,15.709351609967038,14.842445622785133,18.338198086687342,16.74896127989636
2001-07-01,14.261525598855913,15.709096669169767,14.84658845976288,18.338188191137473,16.749188802124102
2001-08-01,14.262275735132787,15.708835586096908,14.850860433335043,18.33817797451469,16.749423882684887
2001-09-01,14.263025404626907,15.708576852569985,14.855123468431048,18.338167766743915,16.749658937476266
2001-10-01,14.263750441061733,15.708328732667841,14.859240355070146,18.338157896949777,16.74988638481795
2001-11-01,14.264475038476935,15.708082825022746,14.863348816788312,18.33814803568621,16.750113807638474
2001-12-01,14.265223326785325,15.707831051276942,14.867585347860643,18.338137854694406,16.750348785306333
2002-01-01,14.265971154196212,15.707581602164453,14.871813019143808,18.338127682729226,16.750583737006185
2002-02-01,14.266670314085372,15.707350368459737,14.875759846160156,18.33811817535841,16.750803506852503
2002-03-01,14.267393149122169,15.707113350597814,14.87983441796242,18.338108348809627,16.751030830614415
2002-04-01,14.268139631694433,15.706870688587806,14.884036195672602,18.338098203766567,16.751265706701588
2002-05-01,14.268861592906,15.706638081616445,14.888093930828433,18.338088394795342,16.7514929812746
2002-06-01,14.269583123248633,15.706407648748009,14.892143369005526,18.33807859422772,16.751720231479705
2002-07-01,14.270328250773257,15.706171825541098,14.896319043813344,18.33806847577626,16.75195503103461
2002-08-01,14.271072925848166,15.705938287273,14.900485993640412,18.33805836605167,16.752189804962306
2002-09-01,14.271793142548747,15.705714487854232,14.904510100657886,18.33804859097492,16.752416980679193
2002-10-01,14.272536916830294,15.705485500861469,14.908659657750576,18.338038499021756,16.752651703161106
2002-11-01,14.273280242979402,15.705258780156433,14.91280054747926,18.338028416063878,16.752886399760587
2002-12-01,14.27399915859298,15.705041560380634,14.916799491061521,18.338018667085887,16.753113500385076
2003-01-01,14.274741592823844,15.704819354129038,14.920923103867244,18.338008602184775,16.753348145110575
2003-02-01,14.275459657182441,15.704606444495607,14.924905545045645,18.337998870559684,16.753575196170814
2003-03-01,14.2761533806833,15.704402684484462,14.92874737440052,18.337989471684793,16.753794655278213
2003-04-01,14.276870616621913,15.704193969511774,14.932713743425442,18.337979757152045,16.754021658151007
2003-05-01,14.277611319518268,15.703980529831682,14.936803769264769,18.3379697277921,16.754256202117862
2003-06-01,14.278351582609407,15.703769317150622,14.940885258651688,18.337959707360632,16.75449072045261
2003-07-01,14.279067541789033,15.703567067430074,14.944826844186254,18.337950018818987,16.754717648850892
2003-08-01,14.279806928920255,15.703360291722719,14.948891317729206,18.337940016201802,16.75495211584213
2003-09-01,14.280545879955886,15.703155725905992,14.952947311518795,18.33793002248987,16.755186557200094
2003-10-01,14.281260573091748,15.702959891932467,14.95686427860792,18.337920359820483,16.755413411096885
2003-11-01,14.28197485593508,15.70276613892364,14.960773253492734,18.337910705667884,16.755640240582842
2003-12-01,14.28268872985184,15.702574461266154,14.96467425351282,18.337901060084686,16.75586704561431
2004-01-01,14.2834259690172,15.702378580692438,14.968696881503625,18.337891102054023,16.756101384988444
2004-02-01,14.28413901987999,15.702191083384186,14.972581806891613,18.337881473850906,16.756328140610027
2004-03-01,14.284851656479631,15.702005691234074,14.976458632874694,18.337871854412995,16.75655487137522
2004-04-01,14.285587629906905,15.701816242099886,14.9804565164978,18.337861923194033,16.756789134797927
2004-05-01,14.28629944988874,15.701634999192425,14.984317371722288,18.3378523210828,16.757015816560536
2004-06-01,14.287010867451707,15.701455800860167,14.988170355671318,18.337842727402688,16.75724247412758
2004-07-01,14.287745575112243,15.701272783336131,14.992143476249293,18.337832822828027,16.757476661418693
2004-08-01,14.288479860186268,15.701091914356494,14.996108319006927,18.337822927135875,16.75771082318911
2004-09-01,14.28919005072596,15.70091895379159,14.999937270558274,18.33781335928993,16.75793740659679
2004-10-01,14.289899843460853,15.700748016450872,15.00375841985212,18.33780380000798,16.758163965691175
2004-11-01,14.290609239831353,15.700579096751772,15.007571783966306,18.3377942493324,16.758390500422035
2004-12-01,14.291341865295339,15.700406672150777,15.011504055258213,18.33778438936406,16.758624560536227
2005-01-01,14.292074074501292,15.700236367949039,15.015428139868549,18.33777453841273,16.75885859487884
2005-02-01,14.292758664567957,15.700078986730013,15.0190915818873,18.33776533123052,16.75907750668935
2005-03-01,14.29346646935327,15.699918175768175,15.022873632213456,18.33775581511328,16.75930394290685
2005-04-01,14.294197463793427,15.699754062979018,15.026773792744967,18.337745990711294,16.759537901981606
2005-05-01,14.2949044792057,15.699597275654419,15.030540286059395,18.33773649201256,16.759764289300428
2005-06-01,14.295611105615206,15.699442470870066,15.034299111888767,18.337727001829585,16.75999065247878
2005-07-01,14.296340876414732,15.699284594904544,15.038175151095713,18.33771720422218,16.76022453558163
2005-08-01,14.297070238607262,15.699128802519127,15.04204312723316,18.337707415517137,16.760458393198306
2005-09-01,14.29777567879794,15.698980046705106,15.045778544351252,18.33769795120283,16.760684682319845
2005-10-01,14.298504227621713,15.698828404506388,15.049630448059181,18.337688180461946,16.76091848879407
2005-11-01,14.29923237173036,15.69867882881796,15.053474342095754,18.337678418817678,16.761152269620762
2005-12-01,14.299936636967667,15.698536072779927,15.057186505587932,18.337668980811955,16.761378484314243
2006-01-01,14.30066397551615,15.698390613900333,15.06101443373373,18.337659237261096,16.76161221387215
2006-02-01,14.30136747187497,15.698251788370237,15.064711347376607,18.33764981661195,16.76183837952044
2006-03-01,14.302047152482729,15.698119461887067,15.068277763775688,18.337640718343074,16.762056982953787
2006-04-01,14.302749901298393,15.697984460618802,15.071959824631607,18.337631314851997,16.762283100947574
2006-05-01,14.303475677198657,15.697846994439805,15.075756713761661,18.33762160702347,16.762516730868487
2006-06-01,14.304201055996433,15.697711558762952,15.079545714265047,18.337611908166892,16.76275033536592
2006-07-01,14.304902652293274,15.697582452048508,15.083204872257513,18.337602530761828,16.762976379625936
2006-08-01,14.305627240451805,15.69745106181098,15.0869781495806,18.337592849593637,16.763209933283655
2006-09-01,14.306328082217851,15.697325817317035,15.090622290231584,18.33758348912602,16.76343592884733
2006-10-01,14.307028544318326,15.697202517269224,15.09425886475472,18.337574137299892,16.76366189972194
2006-11-01,14.307751972620414,15.697077067340658,15.098009026862346,18.337564482564133,16.76389537792571
2006-12-01,14.30845168737438,15.696957597909025,15.10163068279022,18.337555148068347,16.764121299729265
2007-01-01,14.309174337492582,15.696836139109744,15.105365293907775,18.33754551144984,16.76435472662007
2007-02-01,14.309873309525058,15.696720480393129,15.108972096774322,18.33753619422638,16.76458059935874
2007-03-01,14.310548628880914,15.696610491608906,15.112451595181573,18.33752719589062,16.764798919624294
2007-04-01,14.31124687836766,15.696498540905328,15.116043931758785,18.337517895743826,16.765024744657946
2007-05-01,14.3119680182564,15.696384831696106,15.119748311483592,18.337508294686536,16.7652580718218
2007-06-01,14.312688774469173,15.696273091025667,15.123445007622012,18.337498702589535,16.76549137355817
2007-07-01,14.31338591025986,15.696166855101852,15.127015036508753,18.337489428523735,16.76571712481041
2007-08-01,14.31410590240053,15.696059036403163,15.130696416950082,18.337479854218483,16.76595037572155
2007-09-01,14.314825514149808,15.695953170879303,15.134370164588493,18.337470288862185,16.76618360124964
2007-10-01,14.31552154572746,15.695852605276981,15.137918033994767,18.33746104078636,16.76640927875936
2007-11-01,14.316217219592907,15.695753878609473,15.141458709601078,18.33745180124348,16.7666349321385
2007-12-01,14.316935705953668,15.695653798271602,15.145109825845175,18.33744226275674,16.766868081734813
2008-01-01,14.317653816822888,15.69555565004252,15.148753376712133,18.33743273332656,16.767101205776513
2008-02-01,14.318348400590827,15.69546253272142,15.152272088000194,18.337423520075014,16.767326785053505
2008-03-01,14.319042631131786,15.695371234588928,15.155783667050219,18.337414315548347,16.767552340305794
2008-04-01,14.319736509454879,15.695281750873335,15.159288128690607,18.337405119798188,16.767777871607517
2008-05-01,14.320430036251805,15.695194077512287,15.162785488751533,18.337395932695507,16.768003379016985
2008-06-01,14.321123212267747,15.695108210336091,15.166275763194026,18.33738675413236,16.768228862511222
2008-07-01,14.321839124613518,15.695021383939043,15.16987491243003,18.337377278609342,16.7684618367913
2008-08-01,14.322554668433241,15.694936455601791,15.173466610354327,18.33736781210004,16.768694785726
2008-09-01,14.323246774637473,15.69485609874718,15.176935252027432,18.337358659722955,16.768920195635097
2008-10-01,14.323961584867124,15.69477495092075,15.1805120970222,18.33734921137379,16.769153093782517
2008-11-01,14.324676030102394,15.694695685588359,15.184081540395221,18.337339772149544,16.76938596646164
2008-12-01,14.32536707669574,15.694620794094547,15.187528693718706,18.337330646204496,16.769611302461247
2009-01-01,14.326080795686295,15.694545278404494,15.191083383607662,18.337321225170488,16.7698441242061
2009-02-01,14.326771149356992,15.694473966498808,15.194516444887284,18.33731211668067,16.770069411545204
2009-03-01,14.327438161454754,15.694406736134017,15.197828355660041,18.33730332018529,16.77028716615796
2009-04-01,14.328127841351067,15.69433890705736,15.201247692333313,18.337294228869904,16.770512406173946
2009-05-01,14.328840152120556,15.694270670126832,15.204773700736993,18.33728484365432,16.770745128946576
2009-06-01,14.329529146306628,15.694206384994972,15.208179065456841,18.337275769707578,16.770970320674536
2009-07-01,14.330217794942238,15.694143885184618,15.211577391337475,18.33726670435107,16.7711954880154
2009-08-01,14.330929050321842,15.694081101974747,15.215081895661067,18.33725734546974,16.771428136226966
2009-09-01,14.331617018572892,15.694022119889926,15.218466344278887,18.33724829705388,16.77165325517582
2009-10-01,14.332327565444455,15.693963001571044,15.221956383156975,18.337238955946706,16.771885852770563
2009-11-01,14.333037759832207,15.69390570790386,15.22543921313246,18.337229623857702,16.772118424973893
2009-12-01,14.333724704767928,15.693852023302131,15.228802732859146,18.33722060157143,16.772343470210327
2010-01-01,14.334434197670031,15.693798363988781,15.23227119300665,18.33721128758079,16.77257599152247
2010-02-01,14.335120472968399,15.69374814957419,15.235620987694492,18.337202282551054,16.772800988099213
2010-03-01,14.335783553552268,15.693701261589046,15.238852582613893,18.337193585942863,16.773018461609503
2010-04-01,14.336469177298774,15.693654424081226,15.242189010348113,18.337184597851426,16.773243410834258
2010-05-01,14.337177308437319,15.693607822136125,15.245629536386124,18.337175319197303,16.773475833098544
2010-06-01,14.337885093586207,15.693563012673426,15.24906296245916,18.337166049525248,16.77370823006231
2010-07-01,14.338569713022853,15.693521378820126,15.252378776880333,18.337157087579445,16.77393310585738
2010-08-01,14.339276809035475,15.693480140214957,15.25579805000475,18.337147835888008,16.774165452183475
2010-09-01,14.339983561925386,15.693440679961412,15.259210270365768,18.337138593193323,16.774397773159947
2010-10-01,14.340667185575327,15.693404208486566,15.26250560864822,18.33712965744305,16.774622575386754
2010-11-01,14.341350486896514,15.693369410748035,15.265794299305206,18.337120730321413,16.774847353612287
2010-12-01,14.342056225640762,15.693335216122788,15.26918560654763,18.33711151476833,16.775079599075994
2011-01-01,14.342761626211146,15.693302779821813,15.27256992281452,18.337102308336263,16.775311819184072
2011-02-01,14.343421208397729,15.693274041298693,15.275729511882028,18.33709370421438,16.775529034178586
2011-03-01,14.3441032163934,15.69324596778627,15.278991461299269,18.337084812126214,16.77575371549486
2011-04-01,14.344807629924665,15.693218665224027,15.28235534596034,18.337075632670654,16.7759858616268
2011-05-01,14.345488996523892,15.6931939280331,15.285604010008493,18.337066758129165,16.776210494892272
2011-06-01,14.346170046869988,15.693170835074818,15.288846126585053,18.337057892083145,16.776435104423832
2011-07-01,14.346873465827445,15.693148704528724,15.292189413260425,18.337048739453287,16.776667175820887
2011-08-01,14.347576552693173,15.69312830156214,15.295525815091635,18.3370395957601,16.776899222042882
2011-09-01,14.348256638805568,15.693110224295665,15.298747943044162,18.33703075566569,16.77712375854275
2011-10-01,14.348959064308486,15.69309326266648,15.302070620907312,18.337021629911924,16.777355754361416
2011-11-01,14.349661160795092,15.693078014377786,15.305386459626925,18.337012513236107,16.77758772486304
2011-12-01,14.350340291668948,15.693064911638157,15.30858873238624,18.33700369937944,16.777812187895588
2012-01-01,14.351019113161168,15.693053422207052,15.311784559562968,18.33699489405725,16.778036626912016
2012-02-01,14.351697626168274,15.693043541787528,15.314973954397466,18.336986097332513,16.77826104198282
2012-03-01,14.352375831564906,15.693035266164342,15.318156930084681,18.336977309251544,16.77848543319897
2012-04-01,14.35305373013084,15.693028591359733,15.321333500039382,18.33696852980536,16.778709800652013
2012-05-01,14.353753901854219,15.693023381055355,15.324609204529676,18.336959466731187,16.778941621943286
2012-06-01,14.354453750901435,15.693019853649012,15.327878173195494,18.33695041257107,16.77917341818624
2012-07-01,14.355130712866554,15.693018064306525,15.331035187113319,18.336941659097686,16.779397712885533
2012-08-01,14.355829919444469,15.693017889320531,15.334290729177743,18.33693262272659,16.77962945897119
2012-09-01,14.356528806261206,15.693019383772478,15.337539580697827,18.336923595232197,16.77986117992645
2012-10-01,14.357204839906533,15.693022440967614,15.340677170106694,18.336914867617477,16.780085401642708
2012-11-01,14.357880572842411,15.693027069506153,15.343808453213388,18.336906148588692,16.780309599476904
2012-12-01,14.358556006190014,15.693033264939908,15.346933443995052,18.336897438164044,16.78053377336767
2013-01-01,14.359253638530637,15.693041317696045,15.350155969594825,18.336888446411375,16.7807653944294
2013-02-01,14.359928468796042,15.693050669524172,15.353268277834864,18.336879753263624,16.78098951995049
2013-03-01,14.360580517670652,15.693061212516092,15.356270798875759,18.336871358195687,16.781206151596905
2013-04-01,14.361254761475578,15.693073635248002,15.35937075491508,18.336862682063003,16.78143023007276
2013-05-01,14.361951167975063,15.693088106026206,15.362567467034017,18.33685372580282,16.781661752719582
2013-06-01,14.362647263076745,15.693104206843133,15.365757618189507,18.336844778518387,16.78189325027564
2013-07-01,14.363320603003954,15.6931213616079,15.368838525888721,18.33683612851872,16.782117255911007
2013-08-01,14.364016077964394,15.693140709640126,15.372015598763426,18.336827199120574,16.782348703320082
2013-09-01,14.364711244201155,15.693161674783733,15.375186154555628,18.336818278644987,16.78258012563372
2013-10-01,14.365383687970253,15.693183524129442,15.378248141453133,18.33680965460179,16.782804058412207
2013-11-01,14.366055841441534,15.693206895713487,15.3813039856425,18.336801039103257,16.783027967398766
2013-12-01,14.366750094354469,15.693232649845083,15.384455217298076,18.336792145479862,16.78325931480063
2014-01-01,14.367444042567012,15.693260003280932,15.387599989689747,18.336783260845287,16.783490636972886
2014-02-01,14.368092941892012,15.693287051882065,15.390535974764608,18.3367749576164,16.78370701212398
2014-03-01,14.368763930195138,15.693316539447459,15.393567111069986,18.33676637662793,16.783930824747788
2014-04-01,14.369456989197328,15.693348562170668,15.396693005779328,18.336757518507227,16.784162073317752
2014-05-01,14.370127399854207,15.693381083492792,15.399711866936507,18.336748954905396,16.78438583803514
2014-06-01,14.370797525838226,15.69341509970754,15.402724678548008,18.33674039974781,16.784609579049658
2014-07-01,14.371489689412638,15.693451825103882,15.4058315415921,18.33673156819819,16.784840753101843
2014-08-01,14.372181553959802,15.693490121414792,15.40893204297222,18.336722745473057,16.785071902144225
2014-09-01,14.372850811869487,15.693528698162154,15.411926385179008,18.336714215976706,16.785295570535293
2014-10-01,14.37354208126495,15.693570122737206,15.415014205312175,18.33670541110988,16.785526669467107
2014-11-01,14.374210771291192,15.693611685546179,15.417996435342543,18.336696898808107,16.785750289814427
2014-12-01,14.3745450200169,15.693632973693202,15.4194854929414,18.3366926456146,16.7858620917933
