date,S_NA,S_SA,S_SO,S_PO,S_IO
1987-07-01,34.91203460330625,35.43476704459112,34.42707697355671,34.66793606754621,34.538145915215125
1987-08-01,34.91208318629307,35.43433239644867,34.42723692937232,34.66781501036393,34.5384351118062
1987-09-01,34.91211980898304,35.43394813223197,34.42738793611104,34.66769777259067,34.53869606264432
1987-10-01,34.91218458044711,35.433475729928546,34.42755265720798,34.66764100177645,34.53882905196711
1987-11-01,34.91241018022711,35.43299973186895,34.42773317145292,34.66764448800267,34.539023359779385
1987-12-01,34.91258129130045,35.432415386445555,34.4279491706136,34.66766518886641,34.53904541782447
1988-01-01,34.91299970271513,35.43192786940465,34.42809140237857,34.66774745248851,34.538989945820326
1988-02-01,34.91342231639087,35.4314678846386,34.42815575689404,34.66775547668856,34.53913324319909
1988-03-01,34.91393917903505,35.430910654156875,34.42806418983241,34.6677914213705,34.53914762713307
1988-04-01,34.91433181649574,35.43045186988304,34.4281141086261,34.6678136095541,34.53936424940452
1988-05-01,34.914532868045086,35.4301200131936,34.42824266970759,34.667800255277164,34.539676866290435
1988-06-01,34.914647614880074,35.42990202152744,34.428392487152756,34.667815970122795,34.540097463897304
1988-07-01,34.91488600870228,35.429725469815054,34.428580603383864,34.66788416993211,34.54047043717767
1988-08-01,34.91496599027814,35.42946408593789,34.428764069484146,34.66796151878474,34.54066867341103
1988-09-01,34.91494028293121,35.42912478221082,34.42895429178897,34.668053785456614,34.54087886065581
1988-10-01,34.915077884227316,35.42873165919968,34.42916118705869,34.6681156093502,34.54118771611111
1988-11-01,34.9153583443264,35.428299659927895,34.429378095772876,34.66822634637288,34.54148004340286
1988-12-01,34.91578684306953,35.42783048886248,34.42961649908678,34.668302407276755,34.541761048515085
1989-01-01,34.916277845140726,35.42743813277614,34.42985031399308,34.66838046405128,34.54178610790794
1989-02-01,34.91667756118692,35.427078731160265,34.429990873052326,34.66844302680043,34.541896074271875
1989-03-01,34.9170988827707,35.42664115325028,34.43007614735433,34.6685434382165,34.54210662630126
1989-04-01,34.91755035688201,35.42614294274018,34.430131478710486,34.668602266540354,34.54237167616231
1989-05-01,34.917829591454854,35.42582231838872,34.43020829706509,34.668620513001194,34.542702365424084
1989-06-01,34.91808500337511,35.425600905962455,34.43033126972548,34.66864462886796,34.54305791068041
1989-07-01,34.91842724763535,35.425314835643675,34.43048612376017,34.66868698766136,34.54343077170081
1989-08-01,34.918716807140285,35.42505398540554,34.43069459973683,34.6687648477724,34.54384958955447
1989-09-01,34.91881719267137,35.424695283681125,34.43089188049723,34.668858221821694,34.544191156315016
1989-10-01,34.91896532824374,35.42425363348718,34.431096255084334,34.66889503812984,34.544458016958664
1989-11-01,34.919149708567716,35.423760593724765,34.43134471064365,34.66893415010373,34.54465975181201
1989-12-01,34.919353535010465,35.42329402506787,34.431580074422456,34.66904293304215,34.544778324660804
1990-01-01,34.9197141971793,35.422864794609154,34.43181331319276,34.66911304277837,34.54491018828101
1990-02-01,34.92009421139192,35.422451888776784,34.43200547193021,34.66915780624357,34.545004125175076
1990-03-01,34.92050119432996,35.42206176007863,34.43211993493747,34.669152295518835,34.54514589291657
1990-04-01,34.92084016785352,35.421769283076166,34.432206001165845,34.66920558023424,34.54535495686928
1990-05-01,34.92100877080209,35.42151844593941,34.43232490732437,34.66925842658357,34.545681572906105
1990-06-01,34.92119997121771,35.421327502511666,34.43247893157388,34.66922245492348,34.5461395406431
1990-07-01,34.92144455294822,35.421089438748574,34.43267722618345,34.66921931334163,34.54664265398785
1990-08-01,34.92165539638689,35.42079417459895,34.432900596325226,34.66917361543476,34.54716265138093
1990-09-01,34.921834997976,35.420478237121635,34.433140837055845,34.669237300627834,34.54758537429098
1990-10-01,34.92201581802998,35.42008206322005,34.4333738288634,34.66935067994149,34.547851391329964
1990-11-01,34.92227751981474,35.419576568119666,34.433613641435585,34.669372353943615,34.54810652549336
1990-12-01,34.92254390326879,35.41915902436944,34.43385504160803,34.66943965910461,34.548279764173564
1991-01-01,34.92289036117964,35.41874175482517,34.434097859369615,34.66952918120014,34.54838497117761
1991-02-01,34.92326386671188,35.41831501952046,34.43423195032617,34.66953865958813,34.54851063512779
1991-03-01,34.92363679272075,35.41785349264964,34.43427825787001,34.66950077293379,34.54867585659417
1991-04-01,34.923927655939664,35.41746854717554,34.4343467613806,34.669548681338064,34.548824846544804
1991-05-01,34.92407589381025,35.41712784486779,34.43441594985383,34.669535198689225,34.549036545938264
1991-06-01,34.924115804886064,35.4168817108265,34.43454413714802,34.66945636333855,34.54938130906187
1991-07-01,34.92416254999384,35.416671745429355,34.43470166386182,34.66942202806126,34.549775718113196
1991-08-01,34.92426478481351,35.416323287192924,34.43485822540571,34.669289400550674,34.55011295739737
1991-09-01,34.92440017315444,35.41586450427438,34.435034648208244,34.6691134535867,34.55034613703612
1991-10-01,34.92450951458035,35.41543169858846,34.43521938012399,34.66905026667168,34.55053088906985
1991-11-01,34.924740858560654,35.41496288168174,34.43540349507267,34.66906546868464,34.550717294088514
1991-12-01,34.92505300053947,35.41443303111903,34.435600637967475,34.66906671865932,34.55087595970548
1992-01-01,34.92533648476157,35.413895775456645,34.43573469507598,34.669026606500694,34.550998677544705
1992-02-01,34.92560837489047,35.413386646766796,34.435802011942066,34.66902773966097,34.55105335338782
1992-03-01,34.92595699215151,35.412913268409326,34.43578739372768,34.668990288403386,34.551159147222926
1992-04-01,34.926118577397844,35.412503486884596,34.43576472443474,34.668950276595304,34.5512797121359
1992-05-01,34.926098906841595,35.41214986900031,34.435798043835455,34.66892121101721,34.55148670499704
1992-06-01,34.92609901446196,35.411896947507856,34.435907198997455,34.6688358177794,34.55175049174637
1992-07-01,34.926266068010925,35.41169021907861,34.43605444510448,34.66880421308742,34.552046425731184
1992-08-01,34.92655972154579,35.411466745313916,34.43623348926653,34.668738131387684,34.55238717689601
1992-09-01,34.92678764418122,35.411182495919675,34.43639950972682,34.66868496749333,34.55267941449292
1992-10-01,34.92702979172623,35.41077113366991,34.43656966400114,34.66864502399931,34.55288573364658
1992-11-01,34.927261947762766,35.41030616554716,34.43672822853244,34.668645303775605,34.55302390316966
1992-12-01,34.92755912085218,35.40979270489001,34.43692152754002,34.6686860208451,34.553135661829934
1993-01-01,34.927812914318444,35.40934129778875,34.43707651773766,34.668767772658335,34.55315910224878
1993-02-01,34.92808435571022,35.40899387651534,34.43715888401157,34.66880784885568,34.55335284756554
1993-03-01,34.92841748235426,35.408595473771946,34.437158038965386,34.66882110460932,34.553581853644936
1993-04-01,34.928729974595164,35.408242196744254,34.437119491563415,34.668860177684515,34.553762567450214
1993-05-01,34.92878972769798,35.40796321092229,34.43713241762019,34.668882567762466,34.553961160426425
1993-06-01,34.92884912910281,35.40773149676849,34.43725497907193,34.66882579783153,34.55423171748027
1993-07-01,34.92900291091642,35.407457846365965,34.43742363965143,34.668772057883324,34.55458202452606
1993-08-01,34.92921142353296,35.40715553801303,34.43759257761649,34.66871319616497,34.55499380427591
1993-09-01,34.92946438099705,35.40675890237723,34.4377613870516,34.66871018336238,34.5553259490729
1993-10-01,34.92967353951371,35.40632055608255,34.437948143122185,34.66871490137967,34.55554959652409
1993-11-01,34.92985060526859,35.40589761007081,34.438110742710066,34.6687772341285,34.555641629232284
1993-12-01,34.93011880434839,35.40549314817699,34.438286209459186,34.66879409473271,34.55572402276547
1994-01-01,34.930500209310544,35.40506628992621,34.43845123068479,34.66883706160779,34.55574915320118
1994-02-01,34.930927907434786,35.404647652632306,34.438535912943095,34.66888883898438,34.555766051143046
1994-03-01,34.931349384903825,35.40419723063314,34.43852344435945,34.66894350201301,34.55590793639915
1994-04-01,34.93173704390834,35.403734474164864,34.43853921788634,34.66898858534466,34.55612229050404
1994-05-01,34.93197243389927,35.403429762142146,34.438628238898005,34.66898046355726,34.55647773252292
1994-06-01,34.93226262965233,35.403213690589766,34.43876084562323,34.66895695783983,34.556853076760234
1994-07-01,34.932582946571216,35.40303170163415,34.438923835689685,34.668885802352484,34.55726488866904
1994-08-01,34.932866647272746,35.40282025265774,34.439108068385224,34.66884592545,34.55768486787643
1994-09-01,34.93304836010832,35.402518226392054,34.43931077635382,34.668740786063175,34.558067158198696
1994-10-01,34.93312836034733,35.40213810185119,34.43951901737657,34.668780269002625,34.55828573406657
1994-11-01,34.93333560617539,35.401668010480456,34.43971356990262,34.668874410687216,34.55835274505339
1994-12-01,34.933657524448755,35.40111671672254,34.43989704300506,34.66882849466285,34.55843024686183
1995-01-01,34.93412576785216,35.40056138266781,34.44004751116146,34.668847554727314,34.558414218254704
1995-02-01,34.93465087062919,35.40006161531206,34.440142364122394,34.668931915576344,34.558472533800014
1995-03-01,34.93504473687442,35.39959123698825,34.44012456745102,34.66902325175719,34.55864939789784
1995-04-01,34.935351114707,35.399049585176606,34.44007878817377,34.669074893239966,34.55884700675304
1995-05-01,34.935511785867824,35.39862567111588,34.440109075992744,34.66907028753857,34.558995952294744
1995-06-01,34.93553146336284,35.398373978011634,34.44023815630427,34.66905040516547,34.55917092258285
1995-07-01,34.93555463098004,35.39813850565997,34.44040808231811,34.669124854162185,34.55942621078503
1995-08-01,34.93536554521304,35.39781282833799,34.44059602706598,34.66919360260452,34.559712203143505
1995-09-01,34.93524023840802,35.39746597995975,34.44077994295896,34.66919319104682,34.56002950347441
1995-10-01,34.93528857420948,35.3970620404147,34.44095112194892,34.6692671340167,34.56022423951164
1995-11-01,34.935573020168405,35.3966302223695,34.441122795379606,34.669355715936085,34.56035529959934
1995-12-01,34.93592905493581,35.39608257148571,34.441288309595585,34.669423681749905,34.560539268541035
1996-01-01,34.93635252700526,35.395574370394115,34.44141249837815,34.66949671638354,34.560637377353814
1996-02-01,34.93679439337802,35.39518759838153,34.4414378045742,34.669580336628115,34.56070591955248
1996-03-01,34.93717991381488,35.394696232177886,34.44136473180798,34.66965320121413,34.56081716998063
1996-04-01,34.93754564706162,35.3941757676621,34.4413209442137,34.66968572783729,34.561006878619246
1996-05-01,34.937707909914955,35.39381207170601,34.44132799661886,34.66964925934362,34.56131585444546
1996-06-01,34.93783706933256,35.39363686803801,34.441408831074455,34.66966318454454,34.56149788105735
1996-07-01,34.93794917342756,35.39349612897454,34.441554841079736,34.66966733581678,34.56178084544225
1996-08-01,34.938076832930314,35.393247225172736,34.441733355045855,34.669678027303206,34.562091250061805
1996-09-01,34.93817792036722,35.392958181750394,34.44193560919155,34.66965991029172,34.56237013594653
1996-10-01,34.93833231666779,35.39253928231366,34.44213427370144,34.669715752337915,34.56258359118497
1996-11-01,34.93869070452005,35.392076237805504,34.442335761592126,34.66973194249886,34.56277207769879
1996-12-01,34.93908047064824,35.391603875107386,34.442533086789844,34.669742694041474,34.56292158125699
1997-01-01,34.93944809886623,35.39119044202759,34.44268538050394,34.66983091062235,34.56300605132366
1997-02-01,34.93986998568598,35.390884066127384,34.44272745736837,34.66988513816234,34.563151225139976
1997-03-01,34.94018555420754,35.3905309882756,34.44271421968594,34.669846473514625,34.563447054763856
1997-04-01,34.94039415218521,35.39016848698309,34.442715077170774,34.66986465695886,34.56363338391572
1997-05-01,34.94058207724672,35.38989322185828,34.44277422530155,34.66983789505741,34.56384329701923
1997-06-01,34.940647004791366,35.38959835563578,34.442908598671906,34.66981230580024,34.5641921531504
1997-07-01,34.94080864324469,35.38939759431227,34.44307604964281,34.66970523810194,34.564551998537745
1997-08-01,34.94093699652771,35.389128119562976,34.44326888445193,34.66951491609333,34.56498744049211
1997-09-01,34.94095295682785,35.38867965130105,34.443488665546376,34.66945154843562,34.565375313982756
1997-10-01,34.94103904369526,35.388165513390526,34.443699163040144,34.669491499389764,34.56566900906712
1997-11-01,34.9412651650513,35.38767399575225,34.44390843517994,34.66959414041693,34.56585138372484
1997-12-01,34.94164223234739,35.3871696823058,34.444118986315026,34.66962720731639,34.565989556516676
1998-01-01,34.94207273252796,35.386704833732104,34.44427633683119,34.669551340762304,34.566054651981936
1998-02-01,34.94241740110832,35.38632310292281,34.444361917996396,34.66951332460144,34.56594901654255
1998-03-01,34.942789094752456,35.385866890398844,34.444336923570376,34.66949762208601,34.56586284500045
1998-04-01,34.94297205202278,35.38547526474193,34.444299015042105,34.66953333454727,34.565754419342184
1998-05-01,34.942960192764545,35.385259803013625,34.444388021754484,34.669528799723125,34.565700628686066
1998-06-01,34.94300455676016,35.38513771110797,34.44453762443435,34.66953548665823,34.565902451068446
1998-07-01,34.943119436565915,35.38508780692976,34.44469009128329,34.66961488054733,34.566131181987515
1998-08-01,34.94315777417164,35.384929315720946,34.444879895326565,34.669718017848055,34.566394589525665
1998-09-01,34.94312727329274,35.38465729818358,34.44509321656908,34.66980422195997,34.56667471207549
1998-10-01,34.943278004623544,35.38431708755264,34.445291418163514,34.66987129327383,34.566860190059856
1998-11-01,34.943548198893026,35.383936211556176,34.445466942611496,34.66996317143458,34.56706689152519
1998-12-01,34.94387776602325,35.38353172890487,34.44566090181934,34.670045728747645,34.567272472797484
1999-01-01,34.94435757841287,35.383145226794895,34.44581313170489,34.670141967952155,34.56745463108074
1999-02-01,34.94483460716767,35.38275549943591,34.445839601716926,34.67022093644202,34.56769540680924
1999-03-01,34.945366123326195,35.38237729543309,34.44582674678686,34.67036062035818,34.567938869609385
1999-04-01,34.94575886976857,35.382016648921066,34.44576749392688,34.670405079431085,34.56829214129025
1999-05-01,34.94599370215936,35.38171931210966,34.44578205607054,34.67045792000637,34.568670862757095
1999-06-01,34.94611747262555,35.38150979703122,34.44592953645172,34.67051987775962,34.56912723476328
1999-07-01,34.94624478519949,35.38140013545654,34.446118115559585,34.67057092848905,34.56960522779171
1999-08-01,34.946281628998776,35.38125715501056,34.44631891270845,34.67064418168532,34.570046605875646
1999-09-01,34.94634567810049,35.38102589705352,34.44653391407886,34.670787157149185,34.57035806269025
1999-10-01,34.94653142380713,35.38070904780634,34.44674951239394,34.67095662193722,34.570569786298485
1999-11-01,34.946805986203934,35.380281696961525,34.446944110338535,34.671055321736546,34.570800195790845
1999-12-01,34.94719940951579,35.379930858103236,34.4471281162053,34.671134073398996,34.570961656701705
2000-01-01,34.94766091021627,35.37956228924051,34.44727165722023,34.671275315111274,34.57100819376708
2000-02-01,34.94821978216753,35.37923521521482,34.447318598779844,34.67142196297095,34.57112029023817
2000-03-01,34.94872668102838,35.378929892128774,34.44729044670658,34.67156211612421,34.57136805397795
2000-04-01,34.94915925488101,35.378621550028846,34.44726280030032,34.67167948341181,34.571670862309695
2000-05-01,34.94933838637094,35.37841099713984,34.447322813400454,34.67169812370273,34.5720412914588
2000-06-01,34.94954023899379,35.378208298192845,34.447477999167624,34.67176731658166,34.572447835891545
2000-07-01,34.94985007857385,35.37798346804443,34.4476773714965,34.671800767869556,34.57287597873532
2000-08-01,34.95007858245793,35.37782726094482,34.447901579376136,34.67182904401355,34.573292171559615
2000-09-01,34.95021360215441,35.37758112299581,34.44813860823112,34.6719138656209,34.57363908735553
2000-10-01,34.950470583068764,35.37723661749272,34.44835410565064,34.671994477317604,34.57393486181219
2000-11-01,34.95086672159814,35.37680490305969,34.44856232345325,34.67209219975961,34.57412474106715
2000-12-01,34.95144359377802,35.376341933448224,34.44878377382633,34.67212509835154,34.5742974989295
2001-01-01,34.95207648728057,35.37600891544561,34.44897071783006,34.672253691153145,34.57427253485223
2001-02-01,34.952650801990096,35.37568384927166,34.44905515681672,34.67232102759066,34.57444291479812
2001-03-01,34.95317024991747,35.37536548187502,34.449042378917284,34.67240411035142,34.5747197364506
2001-04-01,34.95359256046693,35.37503757886385,34.44904540972329,34.67250186632304,34.57498028855743
2001-05-01,34.953811984698454,35.37482172813641,34.44913208013106,34.67251327961412,34.57535552750991
2001-06-01,34.95408688245954,35.37465830424504,34.44928738582401,34.67255920663625,34.575780700149956
2001-07-01,34.95430753997655,35.37455428689104,34.44950240680587,34.67256869331509,34.57619629099404
2001-08-01,34.954448783678274,35.374488324155784,34.4496870371381,34.67251282556566,34.57665475726972
2001-09-01,34.954611915956356,35.374233532248994,34.44987397308319,34.672550255455164,34.576949446435215
2001-10-01,34.9548249458769,35.373840738781645,34.45004533924764,34.67257873060559,34.5771438090912
2001-11-01,34.9550867201435,35.37346000443211,34.45022466372241,34.672614504040475,34.57731878311303
2001-12-01,34.955445973276696,35.373039389392154,34.450439479647684,34.67262299718957,34.57749139987363
2002-01-01,34.95585344849703,35.372564964432314,34.45057479185137,34.67268070090928,34.57751394413737
2002-02-01,34.95623482030251,35.37214651541109,34.45059016486679,34.67270374657223,34.57766608159629
2002-03-01,34.95672226852384,35.37167955859038,34.45053646999821,34.672765400249034,34.57779492607787
2002-04-01,34.95710656297208,35.37119744182743,34.450491463299706,34.67287355698391,34.57799812146107
2002-05-01,34.95729588776489,35.37100538117099,34.45056798842118,34.67287335694471,34.57823967120987
2002-06-01,34.95741230303933,35.37092592155543,34.450722154076566,34.67286149908408,34.578593955760425
2002-07-01,34.95759905556591,35.3707806731151,34.4509178586382,34.67274707182163,34.5791323104308
2002-08-01,34.95776670675174,35.37061396429533,34.4511659993537,34.67263342390223,34.57966460453422
2002-09-01,34.957845833529326,35.37030141422067,34.45141329879884,34.67263147440945,34.58010675970716
2002-10-01,34.958109807153555,35.36990621902873,34.451646664791724,34.67267330920496,34.58038786071385
2002-11-01,34.958551773359666,35.36951858322404,34.45187847467539,34.67272960544038,34.580487501100656
2002-12-01,34.95907307596677,35.36906482472706,34.4520787470628,34.672760490706814,34.58053377801067
2003-01-01,34.959652269030954,35.36857595964789,34.45224113919906,34.672785835475096,34.580605336981854
2003-02-01,34.96014656576943,35.36817111024686,34.45234371024818,34.67287037871045,34.5806928703132
2003-03-01,34.96054360428341,35.36782626698399,34.45238500016971,34.672969586589524,34.580839051479145
2003-04-01,34.96084635868362,35.36755963123005,34.45242076210148,34.673027563853765,34.58101780724123
2003-05-01,34.96104283752737,35.36735996337422,34.452496394118356,34.672992984285216,34.581304010173255
2003-06-01,34.96116550437348,35.36717550306305,34.45264256447198,34.67303069623983,34.58168093818172
2003-07-01,34.9613625642116,35.367085667290404,34.452811404085665,34.67308500790183,34.5820016356468
2003-08-01,34.961556463333736,35.366994080875585,34.45300935474178,34.673110168219,34.58237096644911
2003-09-01,34.9616618625468,35.36678782598843,34.453207923414155,34.673166121641906,34.58281580376581
2003-10-01,34.961818118205734,35.366561934116476,34.453406626820424,34.673223629249975,34.58307379532717
2003-11-01,34.96206000159545,35.366216152765354,34.45359791416508,34.67330458181695,34.58320663863333
2003-12-01,34.96241394267572,35.36580720119992,34.45380797340675,34.673382098518566,34.58332174640946
2004-01-01,34.962903733938134,35.3653795740208,34.453990754409226,34.673476062618256,34.58343396107461
2004-02-01,34.963456269629866,35.36503025532789,34.45409570204141,34.6735314722596,34.58351723684295
2004-03-01,34.96402573361949,35.36474519270586,34.45410495574287,34.67354185962198,34.58369587564625
2004-04-01,34.96436947451714,35.36445867121623,34.45412977831689,34.67358284345726,34.58390875521912
2004-05-01,34.96456196753277,35.364297497243875,34.45420628286253,34.67361271412855,34.58417877068829
2004-06-01,34.96478680914616,35.364203533674186,34.45435881640825,34.67360148732785,34.58461532628271
2004-07-01,34.96508603396174,35.36409646857782,34.45452439741866,34.67364633186149,34.585074155195386
2004-08-01,34.96529196075393,35.3639652029294,34.45469945445828,34.67361892928141,34.585535344981004
2004-09-01,34.96533309476091,35.363791069711596,34.45488701860481,34.67373721907054,34.58582639133081
2004-10-01,34.96554267009333,35.36347956652766,34.45508035480247,34.673861520419315,34.58603012627329
2004-11-01,34.965835012162884,35.363066862481936,34.45528622759766,34.67397421189036,34.586159653053095
2004-12-01,34.96611927171884,35.362681504801365,34.455504730828544,34.6740333965974,34.586269622002774
2005-01-01,34.966507176136005,35.362323576914804,34.45569644033473,34.6740730945569,34.58636731219192
2005-02-01,34.96686919935349,35.36201703797978,34.45584154726659,34.67406054945876,34.58651654007507
2005-03-01,34.96726095668665,35.361721240345325,34.45585117480876,34.67411655706738,34.58660872996327
2005-04-01,34.9675683457618,35.36147748960937,34.45580990740039,34.67416646575014,34.58673676218715
2005-05-01,34.96768311896994,35.361254814702775,34.45586556747442,34.67422667691549,34.58703431745582
2005-06-01,34.96768992810407,35.36112498790656,34.45605533440041,34.67429071863829,34.58745388737774
2005-07-01,34.96775085652984,35.36100767504189,34.456279544370744,34.674350768966654,34.587922049053674
2005-08-01,34.96783697476639,35.3608815955962,34.45648697638678,34.67437974873407,34.58840330903666
2005-09-01,34.967955116252504,35.36064925904603,34.45672255095583,34.67444719341119,34.588751532805276
2005-10-01,34.967999495758356,35.360290741661615,34.45694899882918,34.6746173044482,34.58899675207773
2005-11-01,34.968291959224736,35.359921077477324,34.457183254265175,34.674720008185965,34.58922361924566
2005-12-01,34.96871801880539,35.3596387653995,34.45739962762721,34.67483345065966,34.589450637976526
2006-01-01,34.96914149618762,35.35934796687592,34.45761849108548,34.6749762863993,34.58968719137153
2006-02-01,34.96961563017695,35.35904985403193,34.45774599822273,34.67508548983632,34.589860099629426
2006-03-01,34.97018881011052,35.358794470549384,34.457740944225264,34.675214371010945,34.59006994105123
2006-04-01,34.970660796427865,35.358559787081816,34.45770187988891,34.675346334051476,34.590423411145075
2006-05-01,34.97089141610667,35.3584584266786,34.45775965324985,34.67544651143427,34.59081531788859
2006-06-01,34.97099491910221,35.35843345941487,34.45793194427356,34.675526104755996,34.5912283629182
2006-07-01,34.97118465414997,35.358346152272475,34.45814330267448,34.67549629537173,34.591738831050904
2006-08-01,34.9713677827985,35.35822408057968,34.45838445629176,34.67547280262966,34.59224023705621
2006-09-01,34.97151153629912,35.358032080137306,34.458611847529106,34.67549505813428,34.5926281918428
2006-10-01,34.9716830805385,35.35774513536395,34.4588429748997,34.67551336363179,34.592931028986584
2006-11-01,34.97199106212341,35.3574060022004,34.4590881428138,34.675654097005186,34.593083357447505
2006-12-01,34.972488459640665,35.35707393433939,34.45931729857218,34.67577699796046,34.59315684901474
2007-01-01,34.973032274839,35.35675347882909,34.459524073867506,34.675812814130765,34.59329775298015
2007-02-01,34.973507552390224,35.35648871522226,34.459672623388045,34.675896332044054,34.59334969509776
2007-03-01,34.97394551352477,35.356220961549255,34.459741650458184,34.676002230607274,34.593536332669245
2007-04-01,34.97420970599628,35.35594886637253,34.45977414476313,34.67613341303449,34.59381361100555
2007-05-01,34.97432340323517,35.35579083319621,34.45990854090618,34.676222108049124,34.59418935031885
2007-06-01,34.97449955588239,35.35575374797543,34.46010588657847,34.676309386441254,34.594514397330734
2007-07-01,34.97469896503794,35.355723472659655,34.460325871302516,34.676359618048444,34.59493789894225
2007-08-01,34.9748165148636,35.35571381777692,34.46056487876648,34.67648582594652,34.59543664416238
2007-09-01,34.974970794368964,35.355590833802005,34.460814452138415,34.67661864775649,34.59589110376003
2007-10-01,34.975153208030484,35.35536490373549,34.46105235646562,34.67675052010329,34.596221777242995
2007-11-01,34.97547227378187,35.355098576814136,34.46129142292989,34.67683093814663,34.59646002969824
2007-12-01,34.975886736999,35.35484816785474,34.46152273556546,34.67700175904388,34.59655980311326
2008-01-01,34.97640415775888,35.35461349418875,34.46172539432101,34.677109612864506,34.5967657259792
2008-02-01,34.97692618501025,35.3543123987486,34.461799838737605,34.677223263718815,34.59694212655856
2008-03-01,34.97753141319912,35.3539903219036,34.46180894914453,34.6774321208215,34.59716080034813
2008-04-01,34.97799526900361,35.35367664501589,34.461835423346294,34.67760517100244,34.597511165723155
2008-05-01,34.97822509203283,35.3535000931768,34.46194783200961,34.67770359097201,34.59800979351815
2008-06-01,34.97845662752078,35.35342132116323,34.462146668245666,34.677855358357405,34.59848476275806
2008-07-01,34.978691565019574,35.35341188651479,34.46238206118034,34.678042818806915,34.59893643839447
2008-08-01,34.978848543625936,35.35333313560025,34.4626193646644,34.67826390225066,34.59937746815036
2008-09-01,34.97896632944746,35.353136632091086,34.46286437044691,34.67844493019473,34.599748775014845
2008-10-01,34.97917207939358,35.35285928572023,34.46309548190244,34.678674989499754,34.59997892538729
2008-11-01,34.979512489807036,35.35260031852143,34.4633385043772,34.67885703157097,34.60018834972312
2008-12-01,34.97999254659341,35.3522650215383,34.46359955254726,34.679006492492796,34.60039935188525
2009-01-01,34.98056372952708,35.35188714589293,34.463819369726345,34.6791502764592,34.600652394329835
2009-02-01,34.98121119670906,35.351568006178674,34.46397858194502,34.67929265080303,34.60096006133278
2009-03-01,34.981773811955755,35.35122649649167,34.4640508427844,34.67941372817544,34.60127226668439
2009-04-01,34.98234611652627,35.35085016322784,34.464133701065165,34.679540653270365,34.60160795730633
2009-05-01,34.9827269906809,35.35059518025134,34.464301369452514,34.67966740877384,34.60209378829877
2009-06-01,34.98292667101227,35.35058731272456,34.464514012783965,34.679760276085105,34.602685865122616
2009-07-01,34.98317460625373,35.35058504073582,34.464780024472205,34.67981493380511,34.60326235810029
2009-08-01,34.98334842044786,35.350455445809516,34.465066703653505,34.6798008957074,34.60377196094074
2009-09-01,34.9835262590846,35.35022326883692,34.46532378620055,34.679751916778905,34.604185726493895
2009-10-01,34.983758803936055,35.349889800449105,34.4655687739756,34.679761148499914,34.604528056186005
2009-11-01,34.98409931727178,35.34951225108025,34.46582702660035,34.67983808959189,34.604692946730985
2009-12-01,34.98459463787064,35.34914693300523,34.46606719854123,34.679919439624555,34.60481934647887
2010-01-01,34.985084357178415,35.34882793473796,34.466241624534355,34.67992910098047,34.60491274056686
2010-02-01,34.98541563509193,35.3485323107379,34.466352057087164,34.679881213466004,34.604986108326734
2010-03-01,34.985706411947696,35.3482315330879,34.46636840025972,34.67985535240017,34.6051077291763
2010-04-01,34.985907943128645,35.34797286133138,34.46638942461057,34.679867243583985,34.605285071049366
2010-05-01,34.985947851568724,35.3477698456795,34.46648947961995,34.679887206329745,34.60546572074757
2010-06-01,34.98591153854657,35.34771858917543,34.46665196041358,34.67998287566366,34.60569817084336
2010-07-01,34.98594528607775,35.34767313483581,34.46686098693775,34.68015124719438,34.60594515523853
2010-08-01,34.9858156333607,35.347614332213055,34.46711094178103,34.680283725039864,34.60619764525921
2010-09-01,34.985734645307005,35.347455188756754,34.46736755122538,34.680466907032006,34.60642240648138
2010-10-01,34.98585727656675,35.34710505714356,34.46759844474863,34.68059843029092,34.60664087529513
2010-11-01,34.9861445329875,35.346732715248116,34.467845968753416,34.680744902856006,34.60680520269978
2010-12-01,34.98663703035863,35.346320673786536,34.46809049616989,34.68090321207216,34.606974085810656
2011-01-01,34.98718099721135,35.3459593883981,34.46830759897277,34.68101191440188,34.60711496698114
2011-02-01,34.98765279951812,35.345675547475146,34.46840942813784,34.6811591650112,34.60725285565075
2011-03-01,34.98817226809854,35.34535370953104,34.46842800049625,34.68133989147341,34.60752586555852
2011-04-01,34.98861115320492,35.34504169493008,34.468453821575174,34.68146597474188,34.6078547588728
2011-05-01,34.988765919546275,35.34489994192639,34.46853887542572,34.68149947799675,34.60828574311795
2011-06-01,34.98884185557993,35.3447793362081,34.46870727954436,34.681544493157006,34.608802118551004
2011-07-01,34.98900356987667,35.34467395618233,34.46896841623995,34.68162545749407,34.609288187492794
2011-08-01,34.98903942543994,35.344515611320425,34.46925294066409,34.68168470098404,34.60976287610624
2011-09-01,34.98903153838429,35.34437289750613,34.46952201029672,34.68175393813636,34.61019449054497
2011-10-01,34.98910113870275,35.34410314147671,34.46977611057499,34.68190478042792,34.61041319057619
2011-11-01,34.98927610268565,35.34383023800572,34.470011089192035,34.682012694153705,34.61049144744723
2011-12-01,34.98962953399148,35.34355200925784,34.47026239382053,34.682070884283554,34.61050432341303
2012-01-01,34.99007100980956,35.34328290858593,34.47047039909858,34.68214477332547,34.61054821308358
2012-02-01,34.99046736880834,35.34299500516147,34.47060953454434,34.682260864053255,34.61064841453951
2012-03-01,34.99088754378093,35.3427390856433,34.47067171192309,34.68235866214911,34.610839655111924
2012-04-01,34.991149242695705,35.34254677983929,34.47072087530466,34.68244110481704,34.611127022948416
2012-05-01,34.99124668882203,35.342467819536836,34.47089618821753,34.6824869692242,34.61157080305073
2012-06-01,34.99133561467296,35.342383043957334,34.47108200250446,34.68248617017767,34.612100975952686
2012-07-01,34.991515876457086,35.34236591307054,34.471285746915896,34.68252778839666,34.61252975992694
2012-08-01,34.99163617692136,35.342344280746644,34.47152709677889,34.68255280027178,34.61295347880736
2012-09-01,34.9918162760531,35.342195258904376,34.47179479927558,34.68256197606483,34.61331924629527
2012-10-01,34.99188390705105,35.341931609599804,34.47203210868284,34.682635127343026,34.613545643897126
2012-11-01,34.992137176531834,35.34156614599874,34.472255330590286,34.68273042101641,34.61365050830999
2012-12-01,34.99252851255962,35.3411751394514,34.472507125042085,34.682785279814524,34.613673837030724
2013-01-01,34.9929913666399,35.34081046509401,34.47271235093577,34.68275734829853,34.613713301564715
2013-02-01,34.993416347117495,35.340474110956265,34.47282268846219,34.68276444118666,34.61373163797957
2013-03-01,34.993839022759985,35.34011645935275,34.47288138543217,34.682739671404796,34.61386947249499
2013-04-01,34.99422427396314,35.339794986003746,34.472928709184465,34.682763714854545,34.61399620453987
2013-05-01,34.99446092449798,35.339606423497706,34.473082977923845,34.68282874660561,34.61421825037697
2013-06-01,34.99467707228681,35.33947190174454,34.473283087469135,34.68285081082525,34.61457746057106
2013-07-01,34.994904568202365,35.33937426026985,34.47351284443278,34.68292877803823,34.61494649781113
2013-08-01,34.99508886484321,35.33927613445851,34.47378515555643,34.68297061306273,34.61533840433906
2013-09-01,34.99521338701233,35.33905565632141,34.4740652924442,34.682997568149,34.615691057830084
2013-10-01,34.99541835062857,35.33875335065109,34.474320212793394,34.68300625351996,34.61598874106444
2013-11-01,34.99568431013821,35.338441378501145,34.47456517012522,34.68310069574664,34.61616604006029
2013-12-01,34.99602845388907,35.33810180200866,34.474838088811005,34.683153868110175,34.61618086878998
2014-01-01,34.99644320320085,35.33777468125246,34.4750724232147,34.6831079818687,34.616282225181536
2014-02-01,34.99688700178383,35.337557672847545,34.475186871689075,34.683083022846205,34.61636668542149
2014-03-01,34.997228461681885,35.33730622775753,34.47522696321062,34.68310952344818,34.61648479920966
2014-04-01,34.99757300078145,35.33700029302651,34.47532583600844,34.68315531644616,34.616721835250665
2014-05-01,34.997807551660394,35.33678364324481,34.47547602142105,34.68318025305091,34.616945060590886
2014-06-01,34.997974665098155,35.336729163270334,34.47567736056012,34.68310127386728,34.61727707332043
2014-07-01,34.9981777421659,35.3367079416098,34.47592051304591,34.6829971183805,34.61771039971589
2014-08-01,34.99832984467942,35.336577654152116,34.476189385428164,34.682977827236094,34.618079285468546
2014-09-01,34.99847820244198,35.336349247119024,34.47645312462741,34.682963679336154,34.61840334105395
2014-10-01,34.998591729463584,35.336077921312786,34.47670762859727,34.68296962317202,34.6185899785835
2014-11-01,34.998831144183846,35.335711292330295,34.47695258006409,34.683020721009825,34.61870572383208
2014-12-01,34.9989985796314,35.33552579155028,34.47707576704448,34.68303844582553,34.618751759806926
