date,T_NA_C,T_IO_C,K0_NA,K0_IO,K0_ratio,C_star_NA,C_star_IO,C_NA_obs,C_IO_obs,C_IO_pred_K0,resid_K0
1987-07,18.495,18.381,34.676115,34.851304,1.005052,0.01179619,0.01185579,0.01413082,0.01671023,0.01671083,-5.95e-07
1987-08,18.4967,18.3813,34.674415,34.850993,1.005092,0.01180191,0.01186201,0.01413164,0.01671046,0.01671165,-1.189e-06
1987-09,18.4984,18.3815,34.672721,34.850703,1.005133,0.01180762,0.01186823,0.01413246,0.0167107,0.01671248,-1.782e-06
1987-10,18.5001,18.3818,34.671001,34.850416,1.005175,0.01181333,0.01187446,0.01413334,0.01671094,0.01671336,-2.414e-06
1987-11,18.5018,18.382,34.669279,34.850128,1.005216,0.01181904,0.01188069,0.01413416,0.01671117,0.01671418,-3.007e-06
1987-12,18.5035,18.3823,34.667545,34.849883,1.00526,0.01182474,0.01188693,0.01413498,0.01671141,0.016715,-3.598e-06
1988-01,18.5052,18.3826,34.665777,34.849611,1.005303,0.01183043,0.01189317,0.01413585,0.01671165,0.01671588,-4.229e-06
1988-02,18.5069,18.3828,34.664016,34.849335,1.005346,0.01183612,0.0118994,0.01413661,0.01671187,0.01671665,-4.78e-06
1988-03,18.5086,18.3831,34.662238,34.849064,1.00539,0.0118418,0.01190563,0.01413748,0.01671212,0.01671752,-5.409e-06
1988-04,18.5103,18.3833,34.6605,34.848756,1.005431,0.0118475,0.01191185,0.0141383,0.01671235,0.01671834,-5.998e-06
1988-05,18.512,18.3836,34.658789,34.848437,1.005472,0.01185321,0.01191807,0.01413912,0.01671258,0.01671916,-6.586e-06
1988-06,18.5137,18.3839,34.657071,34.848104,1.005512,0.01185891,0.01192428,0.01413993,0.01671281,0.01671998,-7.174e-06
1988-07,18.5154,18.3841,34.655344,34.847795,1.005553,0.01186461,0.0119305,0.0141408,0.01671306,0.01672086,-7.801e-06
1988-08,18.5171,18.3844,34.653659,34.847509,1.005594,0.01187033,0.01193673,0.01414161,0.01671329,0.01672168,-8.387e-06
1988-09,18.5188,18.3846,34.651963,34.847202,1.005634,0.01187603,0.01194295,0.01414242,0.01671352,0.01672249,-8.973e-06
1988-10,18.5205,18.3849,34.650238,34.846893,1.005675,0.01188173,0.01194917,0.01414323,0.01671375,0.01672331,-9.559e-06
1988-11,18.5222,18.3852,34.648492,34.84658,1.005717,0.01188742,0.01195538,0.01414405,0.01671398,0.01672413,-1.0144e-05
1988-12,18.5239,18.3854,34.646721,34.846292,1.00576,0.0118931,0.01196161,0.01414491,0.01671423,0.016725,-1.0767e-05
1989-01,18.5256,18.3857,34.644957,34.846031,1.005804,0.01189879,0.01196785,0.01414572,0.01671446,0.01672581,-1.1351e-05
1989-02,18.5273,18.3859,34.643208,34.845741,1.005846,0.01190448,0.01197407,0.01414648,0.01671468,0.01672657,-1.1895e-05
1989-03,18.529,18.3862,34.641438,34.845441,1.005889,0.01191016,0.01198029,0.01414734,0.01671492,0.01672744,-1.2517e-05
1989-04,18.5307,18.3865,34.639689,34.845132,1.005931,0.01191584,0.01198651,0.01414815,0.01671515,0.01672825,-1.3099e-05
1989-05,18.5324,18.3867,34.637962,34.844813,1.005972,0.01192154,0.01199273,0.01414895,0.01671539,0.01672907,-1.368e-05
1989-06,18.5341,18.387,34.636225,34.844495,1.006013,0.01192723,0.01199894,0.01414976,0.01671562,0.01672988,-1.4261e-05
1989-07,18.5358,18.3872,34.634475,34.844166,1.006054,0.01193291,0.01200516,0.01415062,0.01671586,0.01673074,-1.488e-05
1989-08,18.5375,18.3875,34.632758,34.843841,1.006095,0.0119386,0.01201137,0.01415142,0.01671609,0.01673155,-1.5459e-05
1989-09,18.5392,18.3878,34.631054,34.843532,1.006135,0.0119443,0.01201759,0.01415223,0.01671633,0.01673236,-1.6038e-05
1989-10,18.5409,18.388,34.629335,34.84323,1.006177,0.01195,0.01202381,0.01415308,0.01671657,0.01673323,-1.6655e-05
1989-11,18.5426,18.3883,34.627619,34.842945,1.006218,0.01195569,0.01203003,0.01415389,0.0167168,0.01673404,-1.7233e-05
1989-12,18.5443,18.3885,34.625887,34.842665,1.006261,0.01196138,0.01203626,0.01415469,0.01671703,0.01673484,-1.7811e-05
1990-01,18.546,18.3888,34.624133,34.842385,1.006303,0.01196706,0.01204249,0.01415554,0.01671728,0.01673571,-1.8426e-05
1990-02,18.5477,18.3891,34.622384,34.842108,1.006346,0.01197274,0.01204872,0.01415629,0.0167175,0.01673646,-1.8964e-05
1990-03,18.5494,18.3893,34.620628,34.841818,1.006389,0.01197841,0.01205494,0.01415709,0.01671773,0.01673727,-1.9539e-05
1990-04,18.5511,18.3896,34.618901,34.841517,1.00643,0.0119841,0.01206116,0.01415789,0.01671796,0.01673807,-2.0114e-05
1990-05,18.5528,18.3898,34.617189,34.84119,1.006471,0.01198979,0.01206737,0.01415869,0.01671819,0.01673888,-2.0689e-05
1990-06,18.5545,18.3901,34.615464,34.84085,1.006511,0.01199548,0.01207358,0.01415949,0.01671842,0.01673968,-2.1263e-05
1990-07,18.5562,18.3904,34.613738,34.840503,1.006551,0.01200116,0.01207978,0.01416034,0.01671867,0.01674054,-2.1874e-05
1990-08,18.5579,18.3906,34.612019,34.840161,1.006591,0.01200685,0.01208599,0.01416114,0.0167189,0.01674134,-2.2447e-05
1990-09,18.5596,18.3909,34.610306,34.839846,1.006632,0.01201254,0.01209221,0.01416193,0.01671913,0.01674215,-2.302e-05
1990-10,18.5613,18.3911,34.608582,34.839543,1.006674,0.01201822,0.01209842,0.01416278,0.01671937,0.016743,-2.3629e-05
1990-11,18.563,18.3914,34.606853,34.839245,1.006715,0.0120239,0.01210464,0.01416358,0.0167196,0.0167438,-2.42e-05
1990-12,18.5647,18.3917,34.605118,34.838963,1.006758,0.01202958,0.01211087,0.01416437,0.01671983,0.01674461,-2.4771e-05
1991-01,18.5664,18.3919,34.603369,34.838685,1.0068,0.01203525,0.0121171,0.01416522,0.01672008,0.01674546,-2.5379e-05
1991-02,18.5681,18.3922,34.601624,34.8384,1.006843,0.01204093,0.01212332,0.01416596,0.0167203,0.01674621,-2.5911e-05
1991-03,18.5698,18.3924,34.599879,34.838113,1.006885,0.0120466,0.01212955,0.01416675,0.01672053,0.01674701,-2.648e-05
1991-04,18.5715,18.3927,34.598156,34.837827,1.006927,0.01205228,0.01213577,0.01416755,0.01672076,0.01674781,-2.7048e-05
1991-05,18.5732,18.393,34.596457,34.83752,1.006968,0.01205797,0.01214199,0.01416839,0.016721,0.01674866,-2.7654e-05
1991-06,18.5749,18.3932,34.594766,34.837197,1.007008,0.01206366,0.0121482,0.01416918,0.01672123,0.01674945,-2.8221e-05
1991-07,18.5766,18.3935,34.59307,34.836874,1.007048,0.01206935,0.01215441,0.01416997,0.01672146,0.01675025,-2.8788e-05
1991-08,18.5783,18.3937,34.591361,34.836565,1.007089,0.01207503,0.01216063,0.01417081,0.01672171,0.0167511,-2.9392e-05
1991-09,18.58,18.394,34.589659,34.836273,1.00713,0.01208072,0.01216685,0.0141716,0.01672194,0.0167519,-2.9957e-05
1991-10,18.5817,18.3943,34.587949,34.835981,1.007171,0.0120864,0.01217307,0.01417239,0.01672217,0.01675269,-3.0523e-05
1991-11,18.5834,18.3945,34.586217,34.835692,1.007213,0.01209207,0.01217929,0.01417318,0.0167224,0.01675349,-3.1087e-05
1991-12,18.5851,18.3948,34.58448,34.835406,1.007255,0.01209774,0.01218551,0.01417402,0.01672265,0.01675434,-3.1689e-05
1992-01,18.5868,18.395,34.582755,34.835133,1.007298,0.01210341,0.01219174,0.0141748,0.01672288,0.01675513,-3.2253e-05
1992-02,18.5885,18.3953,34.581017,34.834861,1.007341,0.01210908,0.01219797,0.01417559,0.01672311,0.01675592,-3.2816e-05
1992-03,18.5902,18.3956,34.579283,34.834582,1.007383,0.01211475,0.0122042,0.01417637,0.01672334,0.01675672,-3.3378e-05
1992-04,18.5919,18.3958,34.577591,34.834296,1.007424,0.01212044,0.01221042,0.01417716,0.01672357,0.01675751,-3.394e-05
1992-05,18.5936,18.3961,34.575914,34.833995,1.007464,0.01212612,0.01221664,0.01417794,0.0167238,0.0167583,-3.4502e-05
1992-06,18.5953,18.3963,34.57422,34.83369,1.007505,0.01213181,0.01222285,0.01417873,0.01672403,0.01675909,-3.5063e-05
1992-07,18.597,18.3966,34.572493,34.833375,1.007546,0.01213748,0.01222906,0.01417956,0.01672427,0.01675993,-3.566e-05
1992-08,18.5987,18.3969,34.570765,34.833061,1.007587,0.01214314,0.01223528,0.01418034,0.0167245,0.01676072,-3.622e-05
1992-09,18.6004,18.3971,34.569045,34.832758,1.007629,0.01214882,0.01224149,0.01418112,0.01672473,0.01676151,-3.678e-05
1992-10,18.6021,18.3974,34.567323,34.832471,1.007671,0.01215448,0.01224772,0.01418196,0.01672498,0.01676236,-3.7376e-05
1992-11,18.6038,18.3976,34.565596,34.832187,1.007713,0.01216015,0.01225394,0.01418274,0.01672521,0.01676314,-3.7934e-05
1992-12,18.6055,18.3979,34.563866,34.83192,1.007755,0.01216582,0.01226017,0.01418352,0.01672544,0.01676393,-3.8492e-05
1993-01,18.6072,18.3982,34.562142,34.831645,1.007798,0.01217148,0.01226639,0.0141843,0.01672567,0.01676472,-3.9049e-05
1993-02,18.6089,18.3984,34.560413,34.831345,1.007839,0.01217715,0.01227261,0.01418502,0.01672589,0.01676545,-3.9569e-05
1993-03,18.6106,18.3987,34.558667,34.83105,1.007882,0.01218281,0.01227883,0.01418585,0.01672613,0.01676629,-4.0163e-05
1993-04,18.6123,18.3989,34.556955,34.830762,1.007923,0.01218848,0.01228505,0.01418663,0.01672636,0.01676708,-4.0718e-05
1993-05,18.614,18.3992,34.55527,34.830463,1.007964,0.01219415,0.01229127,0.01418741,0.01672659,0.01676786,-4.1274e-05
1993-06,18.6157,18.3995,34.55357,34.830154,1.008005,0.01219983,0.01229748,0.01418818,0.01672682,0.01676865,-4.1829e-05
1993-07,18.6174,18.3997,34.551858,34.829826,1.008045,0.01220549,0.01230369,0.01418901,0.01672707,0.01676949,-4.242e-05
1993-08,18.6191,18.4,34.550137,34.829503,1.008086,0.01221116,0.01230989,0.01418979,0.0167273,0.01677027,-4.2973e-05
1993-09,18.6208,18.4002,34.548415,34.829195,1.008127,0.01221682,0.01231611,0.01419056,0.01672753,0.01677105,-4.3527e-05
1993-10,18.6225,18.4005,34.546704,34.82891,1.008169,0.01222249,0.01232233,0.01419139,0.01672777,0.01677189,-4.4116e-05
1993-11,18.6242,18.4008,34.544988,34.828637,1.008211,0.01222815,0.01232855,0.01419216,0.016728,0.01677267,-4.4669e-05
1993-12,18.6259,18.401,34.543255,34.828364,1.008254,0.01223381,0.01233478,0.01419293,0.01672823,0.01677345,-4.522e-05
1994-01,18.6276,18.4013,34.541502,34.828106,1.008297,0.01223946,0.01234101,0.01419375,0.01672848,0.01677428,-4.5809e-05
1994-02,18.6293,18.4015,34.539755,34.827833,1.00834,0.01224511,0.01234724,0.01419448,0.01672869,0.01677501,-4.6323e-05
1994-03,18.631,18.4018,34.538002,34.827544,1.008383,0.01225075,0.01235346,0.01419525,0.01672892,0.01677579,-4.6873e-05
1994-04,18.6327,18.4021,34.536272,34.827238,1.008425,0.01225641,0.01235967,0.01419602,0.01672915,0.01677657,-4.7423e-05
1994-05,18.6344,18.4023,34.534552,34.826914,1.008466,0.01226207,0.01236588,0.01419684,0.01672939,0.0167774,-4.8009e-05
1994-06,18.6361,18.4026,34.532819,34.82659,1.008507,0.01226772,0.01237208,0.01419761,0.01672962,0.01677818,-4.8558e-05
1994-07,18.6378,18.4028,34.531089,34.826261,1.008548,0.01227337,0.01237829,0.01419838,0.01672985,0.01677896,-4.9106e-05
1994-08,18.6395,18.4031,34.529365,34.825931,1.008589,0.01227903,0.01238449,0.01419919,0.0167301,0.01677979,-4.9691e-05
1994-09,18.6412,18.4034,34.527669,34.825617,1.008629,0.01228469,0.0123907,0.01419996,0.01673033,0.01678057,-5.0238e-05
1994-10,18.6429,18.4036,34.525969,34.825338,1.008671,0.01229036,0.01239692,0.01420073,0.01673056,0.01678134,-5.0785e-05
1994-11,18.6446,18.4039,34.524245,34.825065,1.008713,0.01229601,0.01240315,0.0142015,0.01673079,0.01678212,-5.1332e-05
1994-12,18.6463,18.4041,34.522503,34.824798,1.008756,0.01230165,0.01240937,0.01420231,0.01673103,0.01678295,-5.1914e-05
1995-01,18.648,18.4044,34.520736,34.824541,1.008801,0.01230729,0.0124156,0.01420308,0.01673126,0.01678372,-5.246e-05
1995-02,18.6497,18.4047,34.51898,34.82426,1.008844,0.01231293,0.01242182,0.01420379,0.01673148,0.01678444,-5.2969e-05
1995-03,18.6514,18.4049,34.517243,34.823965,1.008886,0.01231858,0.01242804,0.01420461,0.01673172,0.01678527,-5.3549e-05
1995-04,18.6531,18.4052,34.515521,34.823677,1.008928,0.01232423,0.01243426,0.01420537,0.01673195,0.01678604,-5.4094e-05
1995-05,18.6548,18.4054,34.513833,34.823393,1.008969,0.01232989,0.01244048,0.01420613,0.01673218,0.01678682,-5.4637e-05
1995-06,18.6565,18.4057,34.512146,34.823097,1.00901,0.01233555,0.01244669,0.0142069,0.01673241,0.01678759,-5.518e-05
1995-07,18.6582,18.406,34.51048,34.822792,1.00905,0.01234122,0.01245291,0.01420771,0.01673265,0.01678841,-5.5759e-05
1995-08,18.6599,18.4062,34.508834,34.82248,1.009089,0.0123469,0.01245912,0.01420847,0.01673288,0.01678918,-5.6301e-05
1995-09,18.6616,18.4065,34.507164,34.822173,1.009129,0.01235256,0.01246533,0.01420923,0.01673311,0.01678995,-5.6843e-05
1995-10,18.6633,18.4067,34.505459,34.821891,1.009171,0.01235822,0.01247155,0.01420999,0.01673334,0.01679072,-5.7384e-05
1995-11,18.665,18.407,34.503724,34.821604,1.009213,0.01236386,0.01247776,0.01421075,0.01673357,0.01679149,-5.7925e-05
1995-12,18.6667,18.4073,34.501984,34.821317,1.009255,0.0123695,0.01248398,0.01421156,0.01673381,0.01679232,-5.8502e-05
1996-01,18.6684,18.4075,34.500231,34.821047,1.009299,0.01237513,0.01249021,0.01421232,0.01673404,0.01679308,-5.9042e-05
1996-02,18.6701,18.4078,34.498488,34.820771,1.009342,0.01238077,0.01249643,0.01421308,0.01673427,0.01679385,-5.9581e-05
1996-03,18.6718,18.408,34.496744,34.820491,1.009385,0.0123864,0.01250265,0.01421384,0.0167345,0.01679462,-6.012e-05
1996-04,18.6735,18.4083,34.495022,34.820185,1.009426,0.01239205,0.01250886,0.01421459,0.01673473,0.01679539,-6.0659e-05
1996-05,18.6752,18.4086,34.493325,34.819882,1.009467,0.0123977,0.01251507,0.0142154,0.01673497,0.01679621,-6.1233e-05
1996-06,18.6769,18.4088,34.491627,34.81959,1.009509,0.01240335,0.01252129,0.01421616,0.0167352,0.01679697,-6.1771e-05
1996-07,18.6786,18.4091,34.489931,34.819276,1.009549,0.012409,0.01252749,0.01421691,0.01673543,0.01679774,-6.2308e-05
1996-08,18.6803,18.4093,34.488233,34.818967,1.00959,0.01241465,0.0125337,0.01421767,0.01673566,0.01679851,-6.2844e-05
1996-09,18.682,18.4096,34.486541,34.818666,1.009631,0.0124203,0.01253991,0.01421842,0.01673589,0.01679927,-6.3381e-05
1996-10,18.6837,18.4099,34.484822,34.818373,1.009672,0.01242594,0.01254613,0.01421922,0.01673614,0.01680009,-6.3952e-05
1996-11,18.6854,18.4101,34.483079,34.818084,1.009715,0.01243157,0.01255235,0.01421998,0.01673636,0.01680085,-6.4488e-05
1996-12,18.6871,18.4104,34.481345,34.817804,1.009758,0.01243721,0.01255856,0.01422073,0.01673659,0.01680162,-6.5023e-05
1997-01,18.6888,18.4106,34.4796,34.817532,1.009801,0.01244284,0.01256479,0.01422153,0.01673684,0.01680243,-6.5593e-05
1997-02,18.6905,18.4109,34.477861,34.817232,1.009843,0.01244847,0.012571,0.01422223,0.01673705,0.01680314,-6.6092e-05
1997-03,18.6922,18.4112,34.476145,34.816926,1.009885,0.0124541,0.01257721,0.01422299,0.01673728,0.01680391,-6.6626e-05
1997-04,18.6939,18.4114,34.474434,34.816643,1.009926,0.01245974,0.01258343,0.01422374,0.01673751,0.01680467,-6.7159e-05
1997-05,18.6956,18.4117,34.472738,34.816333,1.009967,0.01246539,0.01258963,0.01422454,0.01673775,0.01680548,-6.7727e-05
1997-06,18.6973,18.4119,34.471049,34.816014,1.010007,0.01247104,0.01259584,0.01422529,0.01673798,0.01680624,-6.8259e-05
1997-07,18.699,18.4122,34.469341,34.81569,1.010048,0.01247667,0.01260204,0.01422604,0.01673821,0.016807,-6.8791e-05
1997-08,18.7007,18.4125,34.467656,34.815357,1.010088,0.01248232,0.01260824,0.01422683,0.01673845,0.01680781,-6.9358e-05
1997-09,18.7024,18.4127,34.465977,34.81504,1.010128,0.01248797,0.01261444,0.01422758,0.01673868,0.01680857,-6.9889e-05
1997-10,18.7041,18.413,34.464277,34.81474,1.010169,0.01249361,0.01262066,0.01422833,0.01673891,0.01680933,-7.042e-05
1997-11,18.7058,18.4132,34.462555,34.814457,1.010211,0.01249924,0.01262687,0.01422908,0.01673914,0.01681009,-7.095e-05
1997-12,18.7075,18.4135,34.460807,34.814174,1.010254,0.01250486,0.01263309,0.01422987,0.01673938,0.0168109,-7.1515e-05
1998-01,18.7092,18.4138,34.45907,34.813919,1.010298,0.01251049,0.01263932,0.01423062,0.01673961,0.01681166,-7.2045e-05
1998-02,18.7109,18.414,34.457339,34.813678,1.010341,0.01251611,0.01264555,0.01423132,0.01673983,0.01681236,-7.2539e-05
1998-03,18.7126,18.4143,34.455608,34.81343,1.010385,0.01252174,0.01265178,0.01423211,0.01674007,0.01681317,-7.3103e-05
1998-04,18.7143,18.4145,34.453926,34.813192,1.010427,0.01252738,0.01265801,0.01423286,0.0167403,0.01681393,-7.3631e-05
1998-05,18.716,18.4148,34.452253,34.812919,1.010469,0.01253303,0.01266423,0.0142336,0.01674053,0.01681468,-7.4159e-05
1998-06,18.7177,18.4151,34.450563,34.812618,1.010509,0.01253867,0.01267044,0.01423434,0.01674075,0.01681544,-7.4686e-05
1998-07,18.7194,18.4153,34.448872,34.812321,1.01055,0.0125443,0.01267665,0.01423509,0.01674098,0.0168162,-7.5213e-05
1998-08,18.7211,18.4156,34.447203,34.812011,1.01059,0.01254995,0.01268286,0.01423588,0.01674123,0.016817,-7.5774e-05
1998-09,18.7228,18.4158,34.445523,34.811713,1.010631,0.01255559,0.01268907,0.01423662,0.01674145,0.01681775,-7.63e-05
1998-10,18.7245,18.4161,34.443811,34.811424,1.010673,0.01256122,0.01269528,0.01423736,0.01674168,0.01681851,-7.6826e-05
1998-11,18.7262,18.4164,34.442092,34.811127,1.010715,0.01256684,0.01270149,0.0142381,0.01674191,0.01681926,-7.7351e-05
1998-12,18.7279,18.4166,34.440351,34.810837,1.010757,0.01257246,0.0127077,0.01423889,0.01674215,0.01682007,-7.7911e-05
1999-01,18.7296,18.4169,34.438599,34.810541,1.0108,0.01257807,0.01271392,0.01423963,0.01674238,0.01682082,-7.8435e-05
1999-02,18.7313,18.4171,34.436845,34.810244,1.010843,0.01258368,0.01272013,0.01424032,0.0167426,0.01682152,-7.8925e-05
1999-03,18.733,18.4174,34.435089,34.809933,1.010886,0.01258929,0.01272633,0.01424111,0.01674284,0.01682232,-7.9483e-05
1999-04,18.7347,18.4177,34.433366,34.809614,1.010927,0.01259491,0.01273253,0.01424185,0.01674307,0.01682307,-8.0007e-05
1999-05,18.7364,18.4179,34.431666,34.809286,1.010967,0.01260054,0.01273873,0.01424259,0.0167433,0.01682383,-8.0529e-05
1999-06,18.7381,18.4182,34.429973,34.808948,1.011007,0.01260617,0.01274493,0.01424333,0.01674352,0.01682458,-8.1052e-05
1999-07,18.7398,18.4184,34.428285,34.808608,1.011047,0.0126118,0.01275112,0.01424411,0.01674377,0.01682538,-8.1608e-05
1999-08,18.7415,18.4187,34.42661,34.808284,1.011087,0.01261744,0.01275732,0.01424485,0.016744,0.01682612,-8.2129e-05
1999-09,18.7432,18.419,34.424918,34.807984,1.011128,0.01262306,0.01276353,0.01424559,0.01674422,0.01682687,-8.2651e-05
1999-10,18.7449,18.4192,34.423208,34.807688,1.011169,0.01262869,0.01276974,0.01424637,0.01674447,0.01682767,-8.3206e-05
1999-11,18.7466,18.4195,34.421481,34.807392,1.011211,0.0126343,0.01277595,0.01424711,0.01674469,0.01682842,-8.3726e-05
1999-12,18.7483,18.4197,34.419743,34.807116,1.011254,0.01263991,0.01278216,0.01424784,0.01674492,0.01682917,-8.4247e-05
2000-01,18.75,18.42,34.417982,34.806848,1.011298,0.01264551,0.01278838,0.01424863,0.01674517,0.01682997,-8.4801e-05
2000-02,18.7517,18.4203,34.416227,34.80656,1.011342,0.01265111,0.0127946,0.01424931,0.01674538,0.01683066,-8.5286e-05
2000-03,18.7534,18.4205,34.41447,34.806251,1.011384,0.01265671,0.0128008,0.01425009,0.01674562,0.01683146,-8.584e-05
2000-04,18.7551,18.4208,34.412751,34.805939,1.011426,0.01266233,0.012807,0.01425078,0.01674583,0.01683216,-8.6324e-05
2000-05,18.7568,18.421,34.411057,34.805611,1.011466,0.01266795,0.0128132,0.01425156,0.01674608,0.01683295,-8.6876e-05
2000-06,18.7585,18.4213,34.409342,34.805284,1.011507,0.01267357,0.0128194,0.01425229,0.01674631,0.0168337,-8.7394e-05
2000-07,18.7602,18.4216,34.407622,34.804952,1.011548,0.01267918,0.01282559,0.01425302,0.01674653,0.01683444,-8.7911e-05
2000-08,18.7619,18.4218,34.405926,34.804629,1.011588,0.0126848,0.01283179,0.0142538,0.01674678,0.01683524,-8.8462e-05
2000-09,18.7636,18.4221,34.404227,34.804314,1.011629,0.01269042,0.01283799,0.01425453,0.016747,0.01683598,-8.8978e-05
2000-10,18.7653,18.4223,34.402505,34.804017,1.011671,0.01269603,0.0128442,0.01425526,0.01674723,0.01683673,-8.9495e-05
2000-11,18.767,18.4226,34.400757,34.803722,1.011714,0.01270163,0.01285041,0.01425599,0.01674746,0.01683747,-9.0011e-05
2000-12,18.7687,18.4229,34.398982,34.803451,1.011758,0.01270722,0.01285663,0.01425677,0.0167477,0.01683826,-9.0561e-05
2001-01,18.7704,18.4231,34.397213,34.80319,1.011803,0.01271281,0.01286285,0.0142575,0.01674793,0.01683901,-9.1076e-05
2001-02,18.7721,18.4234,34.395457,34.802885,1.011845,0.0127184,0.01286905,0.01425818,0.01674814,0.0168397,-9.1557e-05
2001-03,18.7738,18.4236,34.393703,34.802582,1.011888,0.01272399,0.01287526,0.01425891,0.01674837,0.01684044,-9.2071e-05
2001-04,18.7755,18.4239,34.391986,34.802274,1.01193,0.0127296,0.01288146,0.01425964,0.0167486,0.01684118,-9.2585e-05
2001-05,18.7772,18.4242,34.390278,34.801942,1.01197,0.01273521,0.01288766,0.01426041,0.01674884,0.01684197,-9.3133e-05
2001-06,18.7789,18.4244,34.388564,34.801617,1.012011,0.01274082,0.01289385,0.01426114,0.01674907,0.01684271,-9.3646e-05
2001-07,18.7806,18.4247,34.386867,34.801282,1.012052,0.01274643,0.01290005,0.01426186,0.01674929,0.01684345,-9.4159e-05
2001-08,18.7823,18.4249,34.385175,34.800955,1.012092,0.01275205,0.01290624,0.01426264,0.01674954,0.01684424,-9.4705e-05
2001-09,18.784,18.4252,34.383476,34.800657,1.012133,0.01275766,0.01291245,0.01426336,0.01674977,0.01684498,-9.5217e-05
2001-10,18.7857,18.4255,34.381769,34.80037,1.012175,0.01276327,0.01291866,0.01426409,0.01674999,0.01684572,-9.5729e-05
2001-11,18.7874,18.4257,34.380052,34.800077,1.012217,0.01276887,0.01292487,0.01426481,0.01675022,0.01684646,-9.624e-05
2001-12,18.7891,18.426,34.378316,34.799803,1.01226,0.01277447,0.01293108,0.01426559,0.01675046,0.01684725,-9.6785e-05
2002-01,18.7908,18.4262,34.376586,34.799532,1.012303,0.01278006,0.0129373,0.01426631,0.01675069,0.01684799,-9.7296e-05
2002-02,18.7925,18.4265,34.374851,34.799245,1.012346,0.01278566,0.01294351,0.01426698,0.0167509,0.01684867,-9.7773e-05
2002-03,18.7942,18.4268,34.373101,34.798961,1.012389,0.01279125,0.01294972,0.01426775,0.01675114,0.01684946,-9.8317e-05
2002-04,18.7959,18.427,34.371388,34.798663,1.012431,0.01279685,0.01295593,0.01426848,0.01675137,0.0168502,-9.8826e-05
2002-05,18.7976,18.4273,34.369699,34.79836,1.012472,0.01280246,0.01296213,0.0142692,0.0167516,0.01685093,-9.9335e-05
2002-06,18.7993,18.4275,34.368009,34.798026,1.012512,0.01280807,0.01296832,0.01426992,0.01675183,0.01685167,-9.9844e-05
2002-07,18.801,18.4278,34.366306,34.79767,1.012552,0.01281367,0.01297451,0.01427069,0.01675207,0.01685245,-0.000100386
2002-08,18.8027,18.4281,34.364622,34.797331,1.012592,0.01281928,0.0129807,0.01427141,0.0167523,0.01685319,-0.000100894
2002-09,18.8044,18.4283,34.362934,34.797008,1.012632,0.01282489,0.01298689,0.01427213,0.01675252,0.01685392,-0.000101402
2002-10,18.8061,18.4286,34.361205,34.796717,1.012675,0.01283048,0.0129931,0.0142729,0.01675277,0.01685471,-0.000101943
2002-11,18.8078,18.4288,34.35946,34.796449,1.012718,0.01283606,0.01299932,0.01427362,0.01675299,0.01685544,-0.00010245
2002-12,18.8095,18.4291,34.357703,34.796179,1.012762,0.01284165,0.01300553,0.01427433,0.01675322,0.01685618,-0.000102957
2003-01,18.8112,18.4294,34.355943,34.795906,1.012806,0.01284722,0.01301175,0.0142751,0.01675346,0.01685696,-0.000103497
2003-02,18.8129,18.4296,34.354207,34.795628,1.012849,0.01285281,0.01301796,0.01427577,0.01675367,0.01685764,-0.00010397
2003-03,18.8146,18.4299,34.352481,34.795341,1.012892,0.0128584,0.01302417,0.01427649,0.0167539,0.01685838,-0.000104476
2003-04,18.8163,18.4301,34.350774,34.795047,1.012933,0.012864,0.01303037,0.01427721,0.01675413,0.01685911,-0.000104981
2003-05,18.818,18.4304,34.349084,34.794728,1.012974,0.0128696,0.01303657,0.01427797,0.01675437,0.01685989,-0.00010552
2003-06,18.8197,18.4307,34.347395,34.794409,1.013015,0.0128752,0.01304276,0.01427869,0.0167546,0.01686062,-0.000106024
2003-07,18.8214,18.4309,34.345692,34.794099,1.013056,0.0128808,0.01304896,0.0142794,0.01675482,0.01686135,-0.000106529
2003-08,18.8231,18.4312,34.344002,34.793765,1.013096,0.0128864,0.01305516,0.01428016,0.01675507,0.01686213,-0.000107066
2003-09,18.8248,18.4314,34.342319,34.793443,1.013136,0.012892,0.01306135,0.01428088,0.01675529,0.01686286,-0.000107569
2003-10,18.8265,18.4317,34.340621,34.793155,1.013178,0.0128976,0.01306756,0.01428159,0.01675552,0.01686359,-0.000108072
2003-11,18.8282,18.432,34.338909,34.792876,1.01322,0.01290319,0.01307377,0.01428231,0.01675575,0.01686432,-0.000108576
2003-12,18.8299,18.4322,34.337176,34.792596,1.013263,0.01290877,0.01307998,0.01428302,0.01675597,0.01686505,-0.000109078
2004-01,18.8316,18.4325,34.335423,34.792321,1.013307,0.01291434,0.01308619,0.01428378,0.01675621,0.01686583,-0.000109614
2004-02,18.8333,18.4327,34.333667,34.792043,1.013351,0.01291991,0.0130924,0.01428445,0.01675643,0.01686651,-0.000110083
2004-03,18.835,18.433,34.331919,34.791747,1.013394,0.01292549,0.01309861,0.01428521,0.01675667,0.01686729,-0.000110618
2004-04,18.8367,18.4333,34.330217,34.791453,1.013435,0.01293108,0.01310481,0.01428592,0.01675689,0.01686801,-0.00011112
2004-05,18.8384,18.4335,34.328521,34.791133,1.013476,0.01293667,0.01311101,0.01428663,0.01675712,0.01686874,-0.000111621
2004-06,18.8401,18.4338,34.326814,34.7908,1.013517,0.01294226,0.01311719,0.01428734,0.01675735,0.01686947,-0.000112121
2004-07,18.8418,18.434,34.3251,34.790459,1.013557,0.01294784,0.01312338,0.0142881,0.01675759,0.01687024,-0.000112654
2004-08,18.8435,18.4343,34.323421,34.790135,1.013598,0.01295344,0.01312957,0.01428881,0.01675782,0.01687097,-0.000113154
2004-09,18.8452,18.4346,34.321744,34.789837,1.013638,0.01295904,0.01313578,0.01428952,0.01675804,0.0168717,-0.000113654
2004-10,18.8469,18.4348,34.320031,34.78955,1.013681,0.01296462,0.01314198,0.01429023,0.01675827,0.01687242,-0.000114153
2004-11,18.8486,18.4351,34.318325,34.78927,1.013723,0.0129702,0.01314819,0.01429094,0.0167585,0.01687315,-0.000114653
2004-12,18.8503,18.4353,34.316605,34.788995,1.013766,0.01297578,0.0131544,0.0142917,0.01675874,0.01687392,-0.000115184
2005-01,18.852,18.4356,34.314879,34.788714,1.013808,0.01298136,0.01316061,0.0142924,0.01675896,0.01687465,-0.000115683
2005-02,18.8537,18.4359,34.313157,34.788432,1.013851,0.01298694,0.01316682,0.01429307,0.01675918,0.01687532,-0.000116148
2005-03,18.8554,18.4361,34.311429,34.788159,1.013894,0.01299251,0.01317303,0.01429382,0.01675942,0.0168761,-0.000116679
2005-04,18.8571,18.4364,34.309731,34.787867,1.013936,0.0129981,0.01317924,0.01429453,0.01675964,0.01687682,-0.000117177
2005-05,18.8588,18.4366,34.308062,34.787545,1.013976,0.01300369,0.01318543,0.01429523,0.01675987,0.01687754,-0.000117674
2005-06,18.8605,18.4369,34.306396,34.787213,1.014015,0.01300929,0.01319162,0.01429594,0.0167601,0.01687827,-0.00011817
2005-07,18.8622,18.4372,34.304721,34.786871,1.014055,0.01301488,0.0131978,0.01429669,0.01676034,0.01687904,-0.000118699
2005-08,18.8639,18.4374,34.303038,34.78654,1.014095,0.01302047,0.01320399,0.0142974,0.01676056,0.01687976,-0.000119195
2005-09,18.8656,18.4377,34.301366,34.786235,1.014136,0.01302606,0.01321019,0.0142981,0.01676079,0.01688048,-0.000119691
2005-10,18.8673,18.4379,34.299682,34.785936,1.014177,0.01303165,0.01321639,0.01429886,0.01676103,0.01688125,-0.000120219
2005-11,18.869,18.4382,34.297955,34.78564,1.014219,0.01303722,0.01322259,0.01429956,0.01676126,0.01688197,-0.000120714
2005-12,18.8707,18.4385,34.296224,34.785341,1.014262,0.01304278,0.01322879,0.01430027,0.01676148,0.01688269,-0.000121209
2006-01,18.8724,18.4387,34.294491,34.785045,1.014304,0.01304835,0.01323499,0.01430102,0.01676173,0.01688346,-0.000121737
2006-02,18.8741,18.439,34.292746,34.784761,1.014347,0.01305391,0.0132412,0.01430167,0.01676194,0.01688414,-0.000122199
2006-03,18.8758,18.4392,34.29099,34.784454,1.01439,0.01305947,0.0132474,0.01430238,0.01676216,0.01688486,-0.000122693
2006-04,18.8775,18.4395,34.28927,34.78413,1.014432,0.01306503,0.01325359,0.01430308,0.01676239,0.01688558,-0.000123187
2006-05,18.8792,18.4398,34.287588,34.783806,1.014472,0.01307062,0.01325978,0.01430383,0.01676263,0.01688634,-0.000123713
2006-06,18.8809,18.44,34.285905,34.783471,1.014512,0.0130762,0.01326597,0.01430453,0.01676286,0.01688706,-0.000124206
2006-07,18.8826,18.4403,34.284209,34.783124,1.014552,0.01308178,0.01327215,0.01430523,0.01676308,0.01688778,-0.000124698
2006-08,18.8843,18.4405,34.282522,34.782789,1.014592,0.01308736,0.01327833,0.01430598,0.01676332,0.01688855,-0.000125223
2006-09,18.886,18.4408,34.280839,34.782474,1.014633,0.01309294,0.01328453,0.01430663,0.01676353,0.01688922,-0.000125682
2006-10,18.8877,18.4411,34.279142,34.782171,1.014674,0.01309851,0.01329072,0.01430738,0.01676377,0.01688998,-0.000126207
2006-11,18.8894,18.4413,34.277416,34.781901,1.014718,0.01310407,0.01329693,0.01430808,0.016764,0.0168907,-0.000126699
2006-12,18.8911,18.4416,34.275667,34.78162,1.014761,0.01310963,0.01330314,0.01430878,0.01676423,0.01689142,-0.00012719
2007-01,18.8928,18.4418,34.273922,34.781346,1.014805,0.01311518,0.01330935,0.01430952,0.01676447,0.01689218,-0.000127714
2007-02,18.8945,18.4421,34.272189,34.781071,1.014848,0.01312074,0.01331556,0.01431018,0.01676468,0.01689285,-0.000128173
2007-03,18.8962,18.4424,34.270466,34.780772,1.014891,0.0131263,0.01332176,0.01431087,0.0167649,0.01689357,-0.000128664
2007-04,18.8979,18.4426,34.26878,34.780458,1.014931,0.01313187,0.01332795,0.01431157,0.01676513,0.01689428,-0.000129154
2007-05,18.8996,18.4429,34.2671,34.780137,1.014972,0.01313745,0.01333414,0.01431232,0.01676537,0.01689505,-0.000129675
2007-06,18.9013,18.4431,34.265405,34.779822,1.015013,0.01314302,0.01334033,0.01431301,0.0167656,0.01689576,-0.000130165
2007-07,18.903,18.4434,34.263721,34.779484,1.015053,0.01314859,0.01334652,0.01431371,0.01676582,0.01689648,-0.000130654
2007-08,18.9047,18.4437,34.26204,34.77914,1.015092,0.01315417,0.0133527,0.01431445,0.01676606,0.01689724,-0.000131175
2007-09,18.9064,18.4439,34.260356,34.778818,1.015133,0.01315974,0.01335889,0.01431515,0.01676629,0.01689795,-0.000131663
2007-10,18.9081,18.4442,34.258657,34.778507,1.015174,0.01316531,0.01336508,0.01431585,0.01676651,0.01689867,-0.000132152
2007-11,18.9098,18.4444,34.25694,34.778224,1.015217,0.01317086,0.01337128,0.01431654,0.01676674,0.01689938,-0.00013264
2007-12,18.9115,18.4447,34.255202,34.777941,1.01526,0.01317641,0.01337749,0.01431728,0.01676698,0.01690014,-0.00013316
2008-01,18.9132,18.445,34.253461,34.777647,1.015303,0.01318196,0.01338369,0.01431798,0.01676721,0.01690085,-0.000133648
2008-02,18.9149,18.4452,34.251711,34.777358,1.015347,0.01318751,0.01338989,0.01431867,0.01676743,0.01690157,-0.000134136
2008-03,18.9166,18.4455,34.249956,34.777055,1.01539,0.01319305,0.01339609,0.01431937,0.01676766,0.01690228,-0.000134623
2008-04,18.9183,18.4457,34.248246,34.776723,1.015431,0.01319861,0.01340227,0.01432006,0.01676788,0.01690299,-0.00013511
2008-05,18.92,18.446,34.246554,34.77638,1.015471,0.01320417,0.01340845,0.01432075,0.01676811,0.0169037,-0.000135596
2008-06,18.9217,18.4463,34.244856,34.776046,1.015512,0.01320973,0.01341463,0.01432145,0.01676833,0.01690442,-0.000136082
2008-07,18.9234,18.4465,34.243164,34.775711,1.015552,0.01321529,0.01342082,0.01432219,0.01676857,0.01690517,-0.0001366
2008-08,18.9251,18.4468,34.241487,34.775382,1.015592,0.01322086,0.013427,0.01432288,0.0167688,0.01690589,-0.000137085
2008-09,18.9268,18.447,34.239806,34.775073,1.015633,0.01322643,0.0134332,0.01432357,0.01676903,0.0169066,-0.00013757
2008-10,18.9285,18.4473,34.238105,34.77478,1.015675,0.01323199,0.0134394,0.01432431,0.01676927,0.01690735,-0.000138087
2008-11,18.9302,18.4476,34.23638,34.774486,1.015717,0.01323753,0.01344559,0.014325,0.01676949,0.01690806,-0.000138572
2008-12,18.9319,18.4478,34.234641,34.77419,1.01576,0.01324308,0.01345179,0.01432569,0.01676972,0.01690877,-0.000139057
2009-01,18.9336,18.4481,34.232877,34.773882,1.015804,0.01324861,0.01345798,0.01432643,0.01676996,0.01690953,-0.000139574
2009-02,18.9353,18.4483,34.231127,34.773572,1.015847,0.01325414,0.01346418,0.01432707,0.01677017,0.01691019,-0.000140026
2009-03,18.937,18.4486,34.229376,34.773261,1.015889,0.01325968,0.01347037,0.01432776,0.01677039,0.0169109,-0.00014051
2009-04,18.9387,18.4489,34.227635,34.772938,1.015932,0.01326522,0.01347656,0.01432845,0.01677062,0.01691161,-0.000140994
2009-05,18.9404,18.4491,34.225937,34.772583,1.015972,0.01327077,0.01348273,0.01432918,0.01677086,0.01691237,-0.000141508
2009-06,18.9421,18.4494,34.224247,34.77223,1.016012,0.01327633,0.0134889,0.01432983,0.01677107,0.01691303,-0.000141959
2009-07,18.9438,18.4496,34.222551,34.771876,1.016052,0.01328188,0.01349508,0.01433056,0.01677131,0.01691378,-0.000142473
2009-08,18.9455,18.4499,34.220871,34.771542,1.016092,0.01328744,0.01350126,0.01433125,0.01677153,0.01691449,-0.000142955
2009-09,18.9472,18.4502,34.219182,34.771219,1.016132,0.013293,0.01350745,0.01433194,0.01677176,0.0169152,-0.000143437
2009-10,18.9489,18.4504,34.217482,34.770915,1.016174,0.01329855,0.01351364,0.01433267,0.016772,0.01691595,-0.000143951
2009-11,18.9506,18.4507,34.215759,34.770636,1.016217,0.01330409,0.01351984,0.01433336,0.01677222,0.01691666,-0.000144433
2009-12,18.9523,18.4509,34.214018,34.770356,1.016261,0.01330963,0.01352605,0.01433405,0.01677245,0.01691736,-0.000144915
2010-01,18.954,18.4512,34.212293,34.770084,1.016304,0.01331516,0.01353225,0.01433478,0.01677269,0.01691812,-0.000145428
2010-02,18.9557,18.4515,34.210592,34.76981,1.016346,0.01332071,0.01353846,0.01433542,0.0167729,0.01691878,-0.000145877
2010-03,18.9574,18.4517,34.208892,34.769525,1.016389,0.01332626,0.01354466,0.0143361,0.01677312,0.01691948,-0.000146358
2010-04,18.9591,18.452,34.207216,34.769236,1.01643,0.01333182,0.01355086,0.01433679,0.01677335,0.01692019,-0.000146838
2010-05,18.9608,18.4522,34.205565,34.768943,1.01647,0.01333738,0.01355705,0.01433752,0.01677359,0.01692094,-0.000147349
2010-06,18.9625,18.4525,34.203908,34.768643,1.016511,0.01334294,0.01356325,0.0143382,0.01677381,0.01692164,-0.000147829
2010-07,18.9642,18.4528,34.202256,34.768342,1.016551,0.01334851,0.01356944,0.01433889,0.01677404,0.01692235,-0.000148308
2010-08,18.9659,18.453,34.200629,34.768043,1.016591,0.01335408,0.01357564,0.01433962,0.01677428,0.0169231,-0.000148819
2010-09,18.9676,18.4533,34.19897,34.767746,1.016631,0.01335964,0.01358183,0.0143403,0.0167745,0.0169238,-0.000149298
2010-10,18.9693,18.4535,34.197284,34.767455,1.016673,0.01336519,0.01358803,0.01434099,0.01677473,0.0169245,-0.000149776
2010-11,18.971,18.4538,34.195568,34.767169,1.016716,0.01337073,0.01359423,0.01434167,0.01677495,0.01692521,-0.000150255
2010-12,18.9727,18.4541,34.193823,34.766881,1.016759,0.01337625,0.01360043,0.0143424,0.01677519,0.01692596,-0.000150765
2011-01,18.9744,18.4543,34.192088,34.766602,1.016803,0.01338178,0.01360663,0.01434308,0.01677542,0.01692666,-0.000151244
2011-02,18.9761,18.4546,34.190359,34.766312,1.016845,0.01338731,0.01361282,0.01434372,0.01677563,0.01692732,-0.000151691
2011-03,18.9778,18.4548,34.188617,34.765999,1.016888,0.01339283,0.01361901,0.01434444,0.01677587,0.01692807,-0.0001522
2011-04,18.9795,18.4551,34.186914,34.765681,1.016929,0.01339837,0.0136252,0.01434513,0.01677609,0.01692877,-0.000152677
2011-05,18.9812,18.4554,34.18525,34.765341,1.016969,0.01340392,0.01363138,0.01434581,0.01677632,0.01692947,-0.000153154
2011-06,18.9829,18.4556,34.183576,34.764998,1.017009,0.01340947,0.01363755,0.01434649,0.01677654,0.01693017,-0.00015363
2011-07,18.9846,18.4559,34.181901,34.76466,1.017049,0.01341502,0.01364373,0.01434721,0.01677678,0.01693092,-0.000154137
2011-08,18.9863,18.4561,34.180251,34.764321,1.017088,0.01342058,0.01364991,0.01434789,0.016777,0.01693162,-0.000154613
2011-09,18.988,18.4564,34.178594,34.764006,1.017128,0.01342613,0.01365609,0.01434857,0.01677723,0.01693232,-0.000155089
2011-10,18.9897,18.4567,34.176923,34.763724,1.017169,0.01343168,0.01366229,0.0143493,0.01677747,0.01693306,-0.000155596
2011-11,18.9914,18.4569,34.17523,34.763459,1.017212,0.01343722,0.0136685,0.01434998,0.01677769,0.01693376,-0.000156072
2011-12,18.9931,18.4572,34.173508,34.763196,1.017256,0.01344274,0.01367471,0.01435066,0.01677792,0.01693446,-0.000156548
2012-01,18.9948,18.4574,34.171788,34.762926,1.017299,0.01344827,0.01368091,0.01435134,0.01677814,0.01693516,-0.000157023
2012-02,18.9965,18.4577,34.170069,34.762643,1.017342,0.01345379,0.01368711,0.01435201,0.01677837,0.01693586,-0.000157499
2012-03,18.9982,18.458,34.168357,34.762345,1.017384,0.01345932,0.0136933,0.01435269,0.01677859,0.01693656,-0.000157973
2012-04,18.9999,18.4582,34.166677,34.762029,1.017425,0.01346486,0.01369949,0.01435337,0.01677881,0.01693726,-0.000158448
2012-05,19.0016,18.4585,34.165017,34.761682,1.017464,0.01347041,0.01370566,0.01435409,0.01677905,0.01693801,-0.000158952
2012-06,19.0033,18.4587,34.163338,34.761344,1.017504,0.01347595,0.01371184,0.01435477,0.01677928,0.0169387,-0.000159426
2012-07,19.005,18.459,34.161664,34.761017,1.017545,0.01348149,0.01371802,0.01435545,0.0167795,0.0169394,-0.0001599
2012-08,19.0067,18.4593,34.159986,34.760687,1.017585,0.01348703,0.0137242,0.01435617,0.01677974,0.01694015,-0.000160404
2012-09,19.0084,18.4595,34.158315,34.760379,1.017626,0.01349257,0.01373039,0.01435684,0.01677997,0.01694084,-0.000160877
2012-10,19.0101,18.4598,34.156646,34.760091,1.017667,0.01349811,0.01373658,0.01435752,0.01678019,0.01694154,-0.00016135
2012-11,19.0118,18.46,34.154939,34.759825,1.01771,0.01350364,0.01374279,0.0143582,0.01678041,0.01694224,-0.000161823
2012-12,19.0135,18.4603,34.153218,34.759558,1.017754,0.01350916,0.01374899,0.01435887,0.01678064,0.01694293,-0.000162296
2013-01,19.0152,18.4606,34.151492,34.759298,1.017797,0.01351467,0.0137552,0.01435959,0.01678088,0.01694368,-0.0001628
2013-02,19.0169,18.4608,34.149777,34.759025,1.01784,0.01352019,0.0137614,0.01436022,0.01678109,0.01694433,-0.000163241
2013-03,19.0186,18.4611,34.148056,34.758741,1.017883,0.01352571,0.0137676,0.0143609,0.01678131,0.01694502,-0.000163714
2013-04,19.0203,18.4613,34.146355,34.758459,1.017926,0.01353123,0.01377379,0.01436157,0.01678153,0.01694572,-0.000164186
2013-05,19.022,18.4616,34.144671,34.758148,1.017967,0.01353676,0.01377998,0.01436229,0.01678177,0.01694646,-0.000164688
2013-06,19.0237,18.4619,34.142985,34.757828,1.018008,0.01354229,0.01378616,0.01436296,0.016782,0.01694716,-0.000165159
2013-07,19.0254,18.4621,34.141299,34.757507,1.018049,0.01354782,0.01379234,0.01436363,0.01678222,0.01694785,-0.00016563
2013-08,19.0271,18.4624,34.139626,34.757183,1.018089,0.01355335,0.01379852,0.01436435,0.01678246,0.01694859,-0.000166131
2013-09,19.0288,18.4626,34.137952,34.756871,1.01813,0.01355889,0.01380471,0.01436503,0.01678268,0.01694929,-0.000166601
2013-10,19.0305,18.4629,34.136263,34.756568,1.018171,0.01356441,0.0138109,0.0143657,0.01678291,0.01694998,-0.000167072
2013-11,19.0322,18.4632,34.134566,34.756295,1.018214,0.01356993,0.0138171,0.01436637,0.01678313,0.01695067,-0.000167542
2013-12,19.0339,18.4634,34.132855,34.756031,1.018257,0.01357545,0.0138233,0.01436709,0.01678337,0.01695141,-0.000168043
2014-01,19.0356,18.4637,34.131133,34.755751,1.018301,0.01358096,0.0138295,0.01436776,0.0167836,0.01695211,-0.000168513
2014-02,19.0373,18.4639,34.129422,34.755481,1.018344,0.01358648,0.0138357,0.01436838,0.0167838,0.01695276,-0.000168953
2014-03,19.039,18.4642,34.127717,34.755189,1.018386,0.01359199,0.01384189,0.0143691,0.01678404,0.0169535,-0.000169453
2014-04,19.0407,18.4645,34.126018,34.754892,1.018428,0.01359751,0.01384808,0.01436977,0.01678427,0.01695419,-0.000169922
2014-05,19.0424,18.4647,34.124341,34.754592,1.018469,0.01360304,0.01385427,0.01437044,0.01678449,0.01695488,-0.000170391
2014-06,19.0441,18.465,34.122661,34.754265,1.01851,0.01360856,0.01386045,0.01437111,0.01678471,0.01695557,-0.000170859
2014-07,19.0458,18.4652,34.120984,34.753938,1.01855,0.01361408,0.01386663,0.01437182,0.01678495,0.01695631,-0.000171358
2014-08,19.0475,18.4655,34.11931,34.75362,1.018591,0.01361961,0.01387281,0.01437249,0.01678518,0.016957,-0.000171826
2014-09,19.0492,18.4658,34.117643,34.753317,1.018632,0.01362514,0.013879,0.01437316,0.0167854,0.01695769,-0.000172294
2014-10,19.0509,18.466,34.115969,34.753035,1.018674,0.01363066,0.01388519,0.01437388,0.01678564,0.01695843,-0.000172792
2014-11,19.0526,18.4663,34.114273,34.752759,1.018716,0.01363618,0.01389139,0.0143745,0.01678585,0.01695908,-0.000173229
2014-12,19.0543,18.4665,34.112622,34.752499,1.018758,0.01364171,0.0138976,0.01437455,0.01678586,0.01695913,-0.00017327
