month,NA,SA,SO,PO,IO
2000-01-01,286.0943908691406,285.2629089355469,274.7781066894531,289.701416015625,290.2021179199219
2000-02-01,285.75946044921875,285.9563293457031,275.15362548828125,289.7957458496094,290.3037109375
2000-03-01,285.8017883300781,285.7705383300781,274.90802001953125,289.81512451171875,290.4318542480469
2000-04-01,286.0522155761719,285.1806945800781,274.4212646484375,289.81817626953125,290.5191650390625
2000-05-01,286.834716796875,284.25067138671875,273.9285888671875,289.864501953125,290.2563171386719
2000-06-01,287.919189453125,283.3252868652344,273.6319885253906,290.0932312011719,289.9518737792969
2000-07-01,289.3668518066406,282.65625,273.4196472167969,290.5896911621094,289.7264709472656
2000-08-01,290.1581115722656,282.2894287109375,273.3279724121094,290.8886413574219,289.6539306640625
2000-09-01,289.94464111328125,282.2061767578125,273.3330993652344,290.8140869140625,289.5795593261719
2000-10-01,288.939208984375,282.5262756347656,273.42333984375,290.3654479980469,289.5043640136719
2000-11-01,287.8855895996094,283.09686279296875,273.7096862792969,290.0209655761719,289.5755920410156
2000-12-01,286.82177734375,284.0506591796875,274.3362731933594,289.8639221191406,289.75054931640625
2001-01-01,286.0997314453125,285.15216064453125,275.0476379394531,289.84918212890625,289.94073486328125
2001-02-01,285.7606201171875,285.7311706542969,275.3551330566406,289.88970947265625,290.21246337890625
2001-03-01,285.76251220703125,285.61083984375,275.19757080078125,289.9200744628906,290.5028991699219
2001-04-01,286.052734375,284.9941101074219,274.6874694824219,289.94439697265625,290.5561218261719
2001-05-01,286.7760314941406,284.1039733886719,274.19281005859375,289.97979736328125,290.4452209472656
2001-06-01,288.1505432128906,283.2591552734375,273.7912292480469,290.2553405761719,290.04425048828125
2001-07-01,289.4584655761719,282.6177062988281,273.4886169433594,290.71875,289.83563232421875
2001-08-01,290.30535888671875,282.2944641113281,273.3583984375,290.932861328125,289.8029479980469
2001-09-01,290.1950378417969,282.2370910644531,273.3687744140625,290.82147216796875,289.8275146484375
2001-10-01,289.2313537597656,282.5487976074219,273.47222900390625,290.391357421875,289.6759338378906
2001-11-01,288.0513610839844,283.3815002441406,273.7773132324219,290.0857238769531,289.6506652832031
2001-12-01,287.056396484375,284.302001953125,274.3082580566406,289.8611755371094,290.02447509765625
2002-01-01,286.40283203125,285.2032470703125,274.9207458496094,289.9034118652344,290.1898498535156
2002-02-01,285.9349060058594,285.72998046875,275.25885009765625,289.95306396484375,290.3238220214844
2002-03-01,285.8507080078125,285.6343688964844,275.1103820800781,289.96881103515625,290.56109619140625
2002-04-01,286.10931396484375,284.97174072265625,274.631103515625,290.0223693847656,290.6359558105469
2002-05-01,286.7781066894531,284.1493835449219,274.0670166015625,290.12298583984375,290.31439208984375
2002-06-01,287.9399719238281,283.3232116699219,273.7364501953125,290.3612060546875,289.95977783203125
2002-07-01,289.2441711425781,282.68621826171875,273.5086364746094,290.6983642578125,289.78955078125
2002-08-01,290.1841735839844,282.375732421875,273.4287109375,290.9806213378906,289.6546325683594
2002-09-01,289.96026611328125,282.2760314941406,273.41748046875,290.8987121582031,289.59051513671875
2002-10-01,289.1133117675781,282.6220397949219,273.5386962890625,290.4947204589844,289.49810791015625
2002-11-01,287.97991943359375,283.1240234375,273.8395690917969,290.1336364746094,289.54901123046875
2002-12-01,287.0080871582031,284.04046630859375,274.3565368652344,289.9471130371094,289.86944580078125
2003-01-01,286.3120422363281,284.9774475097656,275.0135803222656,289.8753662109375,290.0616149902344
2003-02-01,285.8905334472656,285.7208251953125,275.47674560546875,289.93695068359375,290.3345642089844
2003-03-01,285.9224548339844,285.7001647949219,275.2525939941406,289.9661560058594,290.4990234375
2003-04-01,286.1926574707031,284.9755554199219,274.6866455078125,289.95611572265625,290.5528259277344
2003-05-01,286.9338684082031,284.1697082519531,274.161376953125,290.0125427246094,290.32867431640625
2003-06-01,288.1273193359375,283.3624267578125,273.7735900878906,290.2626953125,290.0127868652344
2003-07-01,289.5966796875,282.7702331542969,273.4979248046875,290.724365234375,289.71771240234375
2003-08-01,290.525146484375,282.447021484375,273.37835693359375,291.05078125,289.50396728515625
2003-09-01,290.31915283203125,282.38885498046875,273.38641357421875,291.0137023925781,289.38922119140625
2003-10-01,289.4115295410156,282.7674865722656,273.4437561035156,290.5515441894531,289.4249572753906
2003-11-01,288.1727600097656,283.28436279296875,273.7351379394531,290.14892578125,289.5892028808594
2003-12-01,287.1946105957031,284.14080810546875,274.3294372558594,289.94927978515625,289.7837219238281
2004-01-01,286.44769287109375,284.98675537109375,274.9365539550781,289.9374694824219,290.12677001953125
2004-02-01,286.03955078125,285.60528564453125,275.3526916503906,290.0175476074219,290.33917236328125
2004-03-01,285.9665832519531,285.6098937988281,275.1914367675781,289.9651794433594,290.46319580078125
2004-04-01,286.25750732421875,285.0599060058594,274.6391296386719,289.96026611328125,290.5853576660156
2004-05-01,286.9066467285156,284.1839599609375,274.098388671875,290.07830810546875,290.2659912109375
2004-06-01,288.1700134277344,283.31988525390625,273.7036437988281,290.2887268066406,289.8329772949219
2004-07-01,289.52960205078125,282.7752380371094,273.4740905761719,290.7635192871094,289.6829833984375
2004-08-01,290.3966064453125,282.475830078125,273.3687744140625,291.05499267578125,289.6180419921875
2004-09-01,290.0831298828125,282.39752197265625,273.3565673828125,290.9247131347656,289.5511169433594
2004-10-01,289.1932373046875,282.65106201171875,273.44525146484375,290.48052978515625,289.5238037109375
2004-11-01,288.0987854003906,283.275390625,273.75909423828125,290.15264892578125,289.5819396972656
2004-12-01,287.13690185546875,284.1131896972656,274.3268737792969,289.98980712890625,289.8589172363281
2005-01-01,286.36614990234375,285.2145690917969,275.0495300292969,289.9571533203125,290.0622863769531
2005-02-01,285.9619445800781,285.74298095703125,275.414794921875,289.9753723144531,290.3923034667969
2005-03-01,286.0346984863281,285.74285888671875,275.15118408203125,289.9591064453125,290.547119140625
2005-04-01,286.4262390136719,285.166748046875,274.57568359375,289.9695739746094,290.4714050292969
2005-05-01,287.0924377441406,284.2523193359375,274.0572814941406,290.09521484375,290.3280334472656
2005-06-01,288.30877685546875,283.4217529296875,273.75,290.3434143066406,289.9318542480469
2005-07-01,289.7444763183594,282.73663330078125,273.4891357421875,290.8114318847656,289.80181884765625
2005-08-01,290.5242004394531,282.3639221191406,273.3555908203125,291.1488342285156,289.7213439941406
2005-09-01,290.24169921875,282.3235168457031,273.3288879394531,290.99407958984375,289.5819396972656
2005-10-01,289.21099853515625,282.6409912109375,273.4598693847656,290.57147216796875,289.4493408203125
2005-11-01,288.07861328125,283.21246337890625,273.7472229003906,290.1631774902344,289.4371337890625
2005-12-01,287.151123046875,284.1149597167969,274.3609924316406,289.9527893066406,289.6668395996094
2006-01-01,286.3981018066406,285.14166259765625,275.13482666015625,289.88555908203125,289.934326171875
2006-02-01,285.94683837890625,285.81060791015625,275.5317687988281,289.93255615234375,290.2309265136719
2006-03-01,285.89129638671875,285.8590393066406,275.25396728515625,289.9212951660156,290.38531494140625
2006-04-01,286.3131103515625,285.2813720703125,274.6590576171875,289.9623107910156,290.4397277832031
2006-05-01,287.1060791015625,284.4631042480469,274.13031005859375,289.98443603515625,290.3552551269531
2006-06-01,288.2598571777344,283.519287109375,273.68243408203125,290.2010192871094,290.0960693359375
2006-07-01,289.6130065917969,282.80889892578125,273.4856262207031,290.64825439453125,289.8902282714844
2006-08-01,290.45672607421875,282.51934814453125,273.3671875,291.021240234375,289.76153564453125
2006-09-01,290.2462158203125,282.4674377441406,273.31573486328125,290.99658203125,289.5269470214844
2006-10-01,289.3621826171875,282.66143798828125,273.41070556640625,290.5165710449219,289.52264404296875
2006-11-01,288.2803039550781,283.2468566894531,273.6799621582031,290.1412048339844,289.77520751953125
2006-12-01,287.14654541015625,284.2596435546875,274.2109375,289.9413146972656,290.0614318847656
2007-01-01,286.43829345703125,285.18206787109375,274.85845947265625,289.8847351074219,290.2420959472656
2007-02-01,286.0733947753906,285.7255554199219,275.2834167480469,289.91455078125,290.4932861328125
2007-03-01,285.9857482910156,285.60260009765625,275.0990295410156,289.90399169921875,290.5182800292969
2007-04-01,286.2721252441406,285.05816650390625,274.53497314453125,289.88043212890625,290.52813720703125
2007-05-01,286.9881286621094,284.16064453125,274.09490966796875,289.9426574707031,290.33612060546875
2007-06-01,288.1351013183594,283.2987976074219,273.69940185546875,290.2354431152344,290.1103515625
2007-07-01,289.5067443847656,282.6240539550781,273.4674377441406,290.74114990234375,289.8372802734375
2007-08-01,290.1995849609375,282.22540283203125,273.3283386230469,291.0989074707031,289.7189636230469
2007-09-01,290.0695495605469,282.1532287597656,273.3061828613281,290.94903564453125,289.66949462890625
2007-10-01,289.1927490234375,282.53204345703125,273.4122314453125,290.44195556640625,289.6018981933594
2007-11-01,288.1556701660156,283.1152648925781,273.6790771484375,289.8970642089844,289.6487731933594
2007-12-01,287.09930419921875,284.0177917480469,274.1518859863281,289.71014404296875,289.829345703125
2008-01-01,286.33331298828125,285.0773620605469,274.8340148925781,289.67535400390625,290.14727783203125
2008-02-01,285.966064453125,285.6501159667969,275.1755065917969,289.750244140625,290.2891540527344
2008-03-01,285.9654235839844,285.6644287109375,274.9471740722656,289.7929382324219,290.3642272949219
2008-04-01,286.1509704589844,285.0762023925781,274.5119934082031,289.822509765625,290.42626953125
2008-05-01,287.0334777832031,284.24981689453125,274.1185607910156,289.8914794921875,290.24090576171875
2008-06-01,288.4266662597656,283.3398132324219,273.7326965332031,290.1435241699219,289.9833984375
2008-07-01,289.70391845703125,282.72052001953125,273.4801940917969,290.7339172363281,289.8067932128906
2008-08-01,290.4342346191406,282.38818359375,273.3498229980469,291.09722900390625,289.6549987792969
2008-09-01,290.18646240234375,282.3348693847656,273.33782958984375,290.92840576171875,289.7548828125
2008-10-01,289.17803955078125,282.6496276855469,273.4317932128906,290.499267578125,289.7175598144531
2008-11-01,288.026611328125,283.2624206542969,273.67919921875,290.0591125488281,289.7328186035156
2008-12-01,287.03607177734375,284.2994689941406,274.22149658203125,289.90643310546875,289.9242248535156
2009-01-01,286.26055908203125,285.28265380859375,274.8331298828125,289.8935546875,290.14007568359375
2009-02-01,285.7666320800781,285.83782958984375,275.1836853027344,289.9291687011719,290.3485107421875
2009-03-01,285.7249450683594,285.8516845703125,274.98028564453125,289.9465637207031,290.530029296875
2009-04-01,286.05322265625,285.3123474121094,274.5048828125,289.9549560546875,290.52593994140625
2009-05-01,286.79217529296875,284.438720703125,274.03228759765625,290.07269287109375,290.3883056640625
2009-06-01,288.2011413574219,283.63458251953125,273.7038269042969,290.4004821777344,290.18145751953125
2009-07-01,289.6271667480469,282.9558410644531,273.51336669921875,290.8512268066406,289.9544372558594
2009-08-01,290.3234558105469,282.47393798828125,273.3631591796875,291.18572998046875,289.8516540527344
2009-09-01,289.9808044433594,282.42333984375,273.3330078125,291.0036926269531,289.697265625
2009-10-01,289.1869201660156,282.7286376953125,273.4164733886719,290.5912170410156,289.8155212402344
2009-11-01,288.0699462890625,283.3166198730469,273.71630859375,290.2185363769531,289.84210205078125
2009-12-01,287.1056823730469,284.31658935546875,274.3164978027344,290.07794189453125,290.0416259765625
2010-01-01,286.360595703125,285.3421936035156,275.03369140625,290.0290222167969,290.262939453125
2010-02-01,286.06402587890625,285.84698486328125,275.3912048339844,290.0142822265625,290.6285705566406
2010-03-01,286.1045837402344,285.7359619140625,275.21331787109375,290.00848388671875,290.8047790527344
2010-04-01,286.4878845214844,285.2076416015625,274.6623840332031,290.00054931640625,290.7960510253906
2010-05-01,287.25628662109375,284.36151123046875,274.0791931152344,289.99761962890625,290.61846923828125
2010-06-01,288.51324462890625,283.4960632324219,273.6938781738281,290.2662353515625,290.26483154296875
2010-07-01,289.9178466796875,282.81671142578125,273.4579162597656,290.7555236816406,290.1404113769531
2010-08-01,290.794921875,282.3797302246094,273.3383483886719,291.0453796386719,289.9392395019531
2010-09-01,290.451904296875,282.2637939453125,273.3458557128906,290.9477233886719,289.8179931640625
2010-10-01,289.4432373046875,282.68756103515625,273.4139099121094,290.3520202636719,289.82574462890625
2010-11-01,288.2962951660156,283.4609375,273.6949157714844,289.8958435058594,289.8557434082031
2010-12-01,287.21710205078125,284.3887023925781,274.2254943847656,289.783203125,290.03485107421875
2011-01-01,286.50762939453125,285.3451232910156,274.8705139160156,289.75152587890625,290.2144775390625
2011-02-01,286.00274658203125,286.0171813964844,275.1612854003906,289.8284912109375,290.4372863769531
2011-03-01,285.9031677246094,285.9076232910156,274.97479248046875,289.8366394042969,290.6631774902344
2011-04-01,286.1891174316406,285.2358703613281,274.5643310546875,289.86151123046875,290.6287841796875
2011-05-01,286.9950866699219,284.36181640625,274.0540771484375,289.9562683105469,290.46783447265625
2011-06-01,288.2013854980469,283.51080322265625,273.68731689453125,290.19879150390625,290.247314453125
2011-07-01,289.4912414550781,282.8451232910156,273.5416564941406,290.69659423828125,290.05633544921875
2011-08-01,290.3746643066406,282.38262939453125,273.3662109375,291.05474853515625,289.97576904296875
2011-09-01,290.15521240234375,282.29833984375,273.3798828125,290.8732604980469,289.91619873046875
2011-10-01,289.2132568359375,282.5311584472656,273.4555969238281,290.4107360839844,289.86212158203125
2011-11-01,288.0051574707031,283.16375732421875,273.7040710449219,289.9893493652344,289.9810791015625
2011-12-01,287.00555419921875,284.17413330078125,274.2394104003906,289.7809143066406,290.0987548828125
2012-01-01,286.27081298828125,285.073486328125,274.861572265625,289.7605285644531,290.29522705078125
2012-02-01,285.8970947265625,285.7314147949219,275.24090576171875,289.882568359375,290.5553894042969
2012-03-01,285.85986328125,285.63531494140625,275.0366516113281,289.8518371582031,290.61456298828125
2012-04-01,286.17730712890625,285.0271301269531,274.52618408203125,289.86468505859375,290.6802673339844
2012-05-01,286.9756774902344,284.2077941894531,274.0312805175781,289.9984436035156,290.52435302734375
2012-06-01,288.3721008300781,283.47869873046875,273.7250671386719,290.1955871582031,290.22943115234375
2012-07-01,289.78125,282.85101318359375,273.48876953125,290.7535095214844,290.125732421875
2012-08-01,290.6695556640625,282.3939208984375,273.3876953125,291.1435852050781,290.0592346191406
2012-09-01,290.3965759277344,282.408935546875,273.3670349121094,291.02069091796875,289.9834899902344
2012-10-01,289.37738037109375,282.6959533691406,273.4623107910156,290.5396728515625,289.94622802734375
2012-11-01,288.1883544921875,283.2082214355469,273.6872863769531,290.1432800292969,289.9512939453125
2012-12-01,287.1244201660156,284.05859375,274.32110595703125,289.9259033203125,290.11383056640625
2013-01-01,286.39501953125,284.99560546875,275.06158447265625,289.8656311035156,290.2264099121094
2013-02-01,285.995361328125,285.6679992675781,275.4011535644531,289.92633056640625,290.4922180175781
2013-03-01,286.0186767578125,285.56072998046875,275.18304443359375,289.98748779296875,290.61004638671875
2013-04-01,286.29229736328125,285.08740234375,274.6861267089844,290.0504455566406,290.6677551269531
2013-05-01,286.96405029296875,284.3476257324219,274.13848876953125,290.1021728515625,290.53009033203125
2013-06-01,288.13751220703125,283.5086669921875,273.76995849609375,290.321044921875,290.2051696777344
2013-07-01,289.61419677734375,282.8858337402344,273.5003356933594,290.8664855957031,290.0043029785156
2013-08-01,290.3981628417969,282.4339294433594,273.3609619140625,291.23626708984375,289.976318359375
2013-09-01,290.2304382324219,282.29547119140625,273.3500061035156,291.06640625,289.94659423828125
2013-10-01,289.48663330078125,282.5842590332031,273.4506530761719,290.5665588378906,289.7532043457031
2013-11-01,288.1625671386719,283.1891174316406,273.69580078125,290.20526123046875,289.9914855957031
2013-12-01,287.0085754394531,284.06610107421875,274.1340026855469,290.0577697753906,289.9826965332031
2014-01-01,286.24176025390625,285.0713195800781,274.9093322753906,290.0597839355469,290.127197265625
2014-02-01,285.86260986328125,285.716552734375,275.2377624511719,290.04608154296875,290.4177551269531
2014-03-01,285.78118896484375,285.7020568847656,275.0456237792969,290.0301208496094,290.7337341308594
2014-04-01,286.0763244628906,285.1165466308594,274.5349426269531,290.0445861816406,290.8689270019531
2014-05-01,286.88824462890625,284.33294677734375,274.0821838378906,290.1571044921875,290.62762451171875
2014-06-01,288.2300109863281,283.48016357421875,273.7067565917969,290.5138854980469,290.2604675292969
2014-07-01,289.7634582519531,282.82659912109375,273.5057678222656,291.0174865722656,289.970947265625
2014-08-01,290.6166076660156,282.49371337890625,273.3648681640625,291.4041442871094,289.94281005859375
2014-09-01,290.3364562988281,282.3639831542969,273.3130187988281,291.3009338378906,289.8194580078125
2014-10-01,289.3506774902344,282.66839599609375,273.3927917480469,290.7554626464844,289.73480224609375
2014-11-01,288.1297912597656,283.32501220703125,273.68218994140625,290.3110656738281,289.7591247558594
2014-12-01,287.0875244140625,284.24578857421875,274.1836242675781,290.0891418457031,290.0898742675781
2015-01-01,286.3005065917969,285.2529296875,274.79290771484375,290.0877685546875,290.2279052734375
2015-02-01,285.8597412109375,285.70855712890625,275.154296875,290.15594482421875,290.4507141113281
2015-03-01,285.7399597167969,285.7424621582031,275.0361328125,290.1607360839844,290.7373352050781
2015-04-01,286.01348876953125,285.22119140625,274.568359375,290.19000244140625,290.8424377441406
2015-05-01,286.82354736328125,284.3629150390625,274.0761413574219,290.2646789550781,290.73126220703125
2015-06-01,288.0245666503906,283.48052978515625,273.7223815917969,290.5367431640625,290.4268798828125
2015-07-01,289.3838195800781,282.8461608886719,273.455810546875,291.0702819824219,290.2138366699219
2015-08-01,290.2528991699219,282.5065612792969,273.35693359375,291.45123291015625,290.1648254394531
2015-09-01,290.1914978027344,282.4491271972656,273.36004638671875,291.34478759765625,290.1291809082031
2015-10-01,289.2793884277344,282.6943664550781,273.4339599609375,290.8876037597656,290.1858825683594
2015-11-01,288.0617980957031,283.2547607421875,273.7312927246094,290.562744140625,290.172119140625
2015-12-01,287.0598449707031,284.1658935546875,274.2768859863281,290.33135986328125,290.3949890136719
2016-01-01,286.35345458984375,285.1695861816406,274.9753723144531,290.2873229980469,290.64739990234375
2016-02-01,286.00543212890625,285.7372741699219,275.19134521484375,290.3122253417969,290.6707763671875
2016-03-01,285.9952697753906,285.6688537597656,274.9161071777344,290.3192443847656,290.99237060546875
2016-04-01,286.2533264160156,285.10174560546875,274.5037536621094,290.2896423339844,291.06927490234375
2016-05-01,287.1063537597656,284.1797790527344,274.0987854003906,290.31182861328125,290.7756652832031
2016-06-01,288.3708190917969,283.4195556640625,273.7510986328125,290.5931396484375,290.303955078125
2016-07-01,289.7908630371094,282.8360290527344,273.556884765625,291.1007385253906,290.1041259765625
2016-08-01,290.6121826171875,282.4943542480469,273.4600524902344,291.45758056640625,290.0069274902344
2016-09-01,290.33721923828125,282.45635986328125,273.4520568847656,291.388916015625,289.8333435058594
2016-10-01,289.34613037109375,282.762451171875,273.57769775390625,290.8953857421875,289.8062744140625
2016-11-01,288.3130187988281,283.3779602050781,273.91619873046875,290.31903076171875,289.8257751464844
2016-12-01,287.2297058105469,284.25830078125,274.5087890625,290.0525207519531,290.0246887207031
2017-01-01,286.4378662109375,285.3608093261719,275.3453063964844,290.14666748046875,290.192626953125
2017-02-01,286.0686950683594,286.0243225097656,275.71881103515625,290.22125244140625,290.4456481933594
2017-03-01,285.9416198730469,285.8865661621094,275.4283752441406,290.2851867675781,290.5437316894531
2017-04-01,286.2903747558594,285.1600646972656,274.90277099609375,290.2480773925781,290.6107177734375
2017-05-01,287.02960205078125,284.27911376953125,274.3139953613281,290.2655944824219,290.457763671875
2017-06-01,288.2340087890625,283.4808349609375,273.81207275390625,290.4773254394531,290.1413879394531
2017-07-01,289.65313720703125,282.7787170410156,273.54827880859375,291.0065002441406,290.0087585449219
2017-08-01,290.47845458984375,282.513427734375,273.43402099609375,291.39874267578125,289.9017639160156
2017-09-01,290.2964172363281,282.47906494140625,273.4548034667969,291.155517578125,289.9229431152344
2017-10-01,289.4017639160156,282.7939758300781,273.5859069824219,290.6894226074219,289.8387145996094
2017-11-01,288.2585144042969,283.3736572265625,273.84100341796875,290.2835693359375,289.8695068359375
2017-12-01,287.28369140625,284.22015380859375,274.34552001953125,290.05078125,289.98028564453125
2018-01-01,286.4758605957031,285.47686767578125,275.0999755859375,290.0787048339844,290.0830383300781
2018-02-01,285.96563720703125,286.0409240722656,275.3854675292969,290.1246337890625,290.3718566894531
2018-03-01,285.9377746582031,285.99615478515625,275.2184753417969,290.1648864746094,290.55120849609375
2018-04-01,286.15753173828125,285.40765380859375,274.7634582519531,290.155029296875,290.61749267578125
2018-05-01,286.8861389160156,284.3303527832031,274.21533203125,290.2434387207031,290.53466796875
2018-06-01,288.0391540527344,283.4722595214844,273.81781005859375,290.4406433105469,290.14739990234375
2018-07-01,289.35980224609375,282.8569641113281,273.62445068359375,290.9059143066406,290.05181884765625
2018-08-01,290.1867980957031,282.5953674316406,273.5178527832031,291.26287841796875,289.85552978515625
2018-09-01,290.0016174316406,282.577880859375,273.4437255859375,291.25421142578125,289.844970703125
2018-10-01,289.0782775878906,282.7383728027344,273.4981689453125,290.9222106933594,289.8236999511719
2018-11-01,287.88043212890625,283.4345703125,273.83489990234375,290.518310546875,289.8133544921875
2018-12-01,286.9254150390625,284.3809509277344,274.4518127441406,290.2624206542969,290.0671691894531
